"player_id","name","team","position_id","price_m","season_points","form","points_per_game","status","news","selected_by_percent","next_points","weighted_three_gameweek_points","availability","next_fixture_count","next_difficulties"
"124","Groß","BHA","3","5.8","47","10.7","9.4","a","","28.8","10.491999999999999","21.3846","1.0","1","[3]"
"229","Tarkowski","EVE","2","6.1","43","8.3","8.6","a","","16.5","9.01584","16.88012","1.0","1","[2]"
"94","Schade","BRE","3","6.2","39","8.7","7.8","a","","11.5","8.49896","17.031892","1.0","1","[3]"
"504","Vuskovic","BHA","2","5.0","32","8.7","6.4","a","","3.6","8.091297777777779","16.175409333333334","1.0","1","[3]"
"453","Barnes","NEW","3","6.1","28","7.7","5.6","a","","5.7","7.95312","15.15612","1.0","1","[2]"
"330","Bogle","LEE","2","4.6","42","11.3","8.4","a","","7.2","7.382928000000001","15.591145333333335","1.0","1","[5]"
"411","Haaland","MCI","4","15.6","39","8.0","7.8","a","","73.8","7.330559999999999","16.0584","1.0","1","[4]"
"350","A.Becker","LIV","1","5.5","27","8.3","5.4","a","","4.1","7.2091199999999995","14.70612","1.0","1","[4]"
"391","Gvardiol","MCI","2","5.7","37","7.7","7.4","a","","26.8","6.789534577777777","14.845693333333333","1.0","1","[4]"
"204","Mitchell","CRY","2","4.5","24","7.7","4.8","a","","6.0","6.737520000000001","12.814807733333334","1.0","1","[3]"
"115","De Cuyper","BHA","2","5.0","38","7.0","7.6","a","","27.7","6.67024","13.952232000000002","1.0","1","[3]"
"356","Virgil","LIV","2","6.5","25","7.3","5.0","a","","16.2","6.37744","13.07644","1.0","1","[4]"
"112","Van Hecke","TOT","2","4.9","24","7.3","4.8","a","","6.6","6.348","13.089","1.0","1","[4]"
"286","Belloumi","HUL","3","5.1","31","7.3","6.2","a","","5.1","6.237457777777778","12.544084444444447","1.0","1","[3]"
"449","Hall","NEW","2","5.3","31","5.7","6.2","a","","17.3","6.228528000000001","12.409761333333336","1.0","1","[2]"
"233","Mykolenko","EVE","2","4.6","27","5.7","5.4","a","","4.2","6.10416","11.31588","1.0","1","[2]"
"230","Branthwaite","EVE","2","5.5","27","5.7","5.4","a","","2.4","6.10416","11.31588","1.0","1","[2]"
"305","Davis","IPS","2","4.0","25","5.7","5.0","a","","6.9","6.03504","11.16236","1.0","1","[2]"
"1","Raya","ARS","1","6.1","30","6.0","6.0","a","","42.3","6.0","12.3","1.0","1","[3]"
"98","Janelt","BRE","3","5.0","28","6.0","5.6","a","","2.5","5.936","11.9512","1.0","1","[3]"
"472","Murillo","NFO","2","5.5","23","6.0","4.6","a","","2.1","5.7631644444444445","11.353912888888889","1.0","1","[3]"
"68","Tavernier","BOU","3","6.1","31","6.7","6.2","a","","6.8","5.738510222222221","11.973194666666664","1.0","1","[4]"
"109","Verbruggen","BHA","1","4.5","23","5.7","4.6","a","","21.6","5.524","11.1522","1.0","1","[3]"
"388","Guéhi","MCI","2","6.0","30","6.0","6.0","a","","18.2","5.52","12.132","1.0","1","[4]"
"138","Kostoulas","BHA","4","5.6","28","7.3","5.6","a","","4.1","5.513075555555556","11.069609333333332","1.0","1","[3]"
"12","Saka","ARS","3","9.5","32","5.8","6.4","a","","13.7","5.4505244444444445","11.313351111111112","1.0","1","[3]"
"362","Jacquet","LIV","2","5.0","24","6.7","4.8","a","","3.5","5.426650666666666","11.178550666666666","1.0","1","[4]"
"226","Pickford","EVE","1","5.5","25","5.0","5.0","a","","9.1","5.4","10.07","1.0","1","[2]"
"176","Dasilva","COV","2","4.0","20","5.7","4.0","a","","0.7","5.355626666666667","10.7148448","1.0","1","[3]"
"40","Rogers","CHE","3","7.7","29","5.3","5.8","a","","40.5","5.224577777777778","11.003660000000002","1.0","1","[3]"
"268","King","FUL","3","5.5","24","5.0","4.8","a","","2.6","5.067360000000001","10.336680000000001","1.0","1","[2]"
"572","Tzolakis","HUL","1","4.7","34","4.7","6.8","a","","12.8","5.036","10.853000000000002","1.0","1","[3]"
"214","Kamada","CRY","3","5.0","21","5.3","4.2","a","","0.5","5.02152","9.7747944","1.0","1","[3]"
"4","Gabriel","ARS","2","8.0","25","5.0","5.0","a","","22.7","5.0","10.25","1.0","1","[3]"
"69","Scott","BOU","3","6.1","30","5.3","6.0","a","","5.8","4.9347818666666665","10.564729066666668","1.0","1","[4]"
"428","Cunha","MUN","3","7.9","26","5.0","5.2","a","","5.8","4.9152576","9.739564266666667","1.0","1","[2]"
"397","Semenyo","MCI","3","8.4","33","8.7","6.6","d","Ankle injury - 75% chance of playing","15.3","4.86036","11.356650000000002","0.75","1","[4]"
"334","Muharemović","LEE","2","5.0","27","5.7","5.4","a","","4.3","4.74768","10.31652","1.0","1","[5]"
"8","Calafiori","ARS","2","5.8","29","5.0","5.8","a","","50.5","4.740551111111111","9.90449777777778","1.0","1","[3]"
"384","Donnarumma","MCI","1","5.5","19","5.3","3.8","a","","7.6","4.655199999999999","9.834599999999998","1.0","1","[4]"
"250","Leno","FUL","1","4.5","18","4.3","3.6","a","","3.4","4.52304","9.081719999999999","1.0","1","[2]"
"480","Gibbs-White","NFO","3","8.0","28","4.3","5.6","a","","15.7","4.507999999999999","9.4726","1.0","1","[3]"
"427","Mbeumo","MUN","3","7.9","25","4.0","5.0","a","","20.6","4.492800000000001","9.112800000000002","1.0","1","[2]"
"385","Trafford","LEE","1","5.0","28","5.3","5.6","a","","5.5","4.492319999999999","9.90148","1.0","1","[5]"
"114","Boscagli","BHA","2","4.5","19","4.7","3.8","a","","0.3","4.424382222222222","8.934028000000001","1.0","1","[3]"
"257","Bassey","FUL","2","4.5","15","4.3","3.0","a","","0.7","4.41936","8.70588","1.0","1","[2]"
"496","Kinsky","TOT","1","4.5","18","5.0","3.6","a","","17.3","4.39392","9.14472","1.0","1","[4]"
"588","Khalaili","CRY","2","5.0","19","5.3","3.8","a","","0.3","4.261644444444444","8.212171999999999","1.0","1","[3]"
"173","Thomas","COV","2","4.0","24","4.3","4.8","a","","8.5","4.253466666666666","8.981806666666667","1.0","1","[3]"
"127","Gomez","BHA","3","5.0","24","4.3","4.8","a","","4.0","4.214533333333333","8.847633333333333","1.0","1","[3]"
"41","Buendía","AVL","3","5.9","21","4.8","4.2","a","","1.0","4.191786666666667","8.328395733333334","1.0","1","[3]"
"110","Rushworth","COV","1","4.5","16","4.3","3.2","a","","0.8","4.124","8.300519999999999","1.0","1","[3]"
"542","E.Le Fée","SUN","3","5.7","18","4.3","3.6","a","","3.4","4.07632","8.18476","1.0","1","[3]"
"282","Giles","HUL","2","4.0","24","4.0","4.8","a","","2.9","4.07296","8.548480000000001","1.0","1","[3]"
"379","Isak","LIV","4","9.1","33","7.7","6.6","d","Thigh injury - 75% chance of playing","22.4","4.0427744","9.2899394","0.75","1","[4]"
"316","Emersonn","IPS","4","5.5","26","5.3","5.2","a","","3.5","4.0200672","7.525354577777778","1.0","1","[2]"
"332","Justin","LEE","2","4.5","26","4.7","5.2","a","","1.4","4.0152","8.9054","1.0","1","[5]"
"15","Ødegaard","ARS","3","6.8","29","4.5","5.8","a","","19.8","3.9442577777777776","8.360184444444444","1.0","1","[3]"
"93","Schuster","BRE","2","4.5","21","7.0","7.0","a","","0.3","3.9355555555555553","7.989177777777778","1.0","1","[3]"
"338","Ampadu","LEE","3","5.4","21","4.7","4.2","a","","0.9","3.8808","8.3718","1.0","1","[5]"
"390","Rúben","MCI","2","5.5","17","4.3","3.4","a","","1.9","3.8235199999999994","8.1654","1.0","1","[4]"
"579","Araujo","LIV","2","5.4","22","7.0","4.4","a","","3.0","3.822816711111111","7.772310044444444","1.0","1","[4]"
"45","McGinn","AVL","3","5.4","17","4.0","3.4","a","","2.2","3.765191111111111","7.456775822222222","1.0","1","[3]"
"82","Kelleher","BRE","1","5.0","20","3.7","4.0","a","","6.1","3.748","7.682600000000001","1.0","1","[3]"
"503","Van de Ven","TOT","2","5.0","16","5.3","4.0","a","","3.8","3.7477119999999995","7.839391999999999","1.0","1","[4]"
"469","N.Williams","NFO","2","5.0","19","3.7","3.8","a","","8.7","3.716","7.5682","1.0","1","[3]"
"552","Brobbey","SUN","4","5.7","24","6.7","4.8","d","Hamstring injury - 75% chance of playing","7.0","3.57504","7.722645000000001","0.75","1","[3]"
"202","Richards","CRY","2","5.0","14","3.7","2.8","a","","0.6","3.556","6.88932","1.0","1","[3]"
"467","Sels","NFO","1","5.0","14","3.7","2.8","a","","1.6","3.556","6.9962","1.0","1","[3]"
"87","Ajer","BRE","2","4.5","21","3.3","4.2","a","","3.9","3.444","7.213800000000001","1.0","1","[3]"
"249","Barry","EVE","4","5.7","20","3.3","4.0","a","","8.3","3.4147296000000003","6.513243466666667","1.0","1","[2]"
"649","Maitland-Niles","EVE","2","4.5","21","7.0","7.0","a","","1.4","3.402","6.3441","1.0","1","[2]"
"242","George","EVE","3","5.5","19","4.7","3.8","a","","0.9","3.3787296","6.162174133333333","1.0","1","[2]"
"346","Calvert-Lewin","LEE","4","6.0","22","4.3","4.4","a","","24.8","3.3756874666666663","7.408627644444444","1.0","1","[5]"
"277","Egan","HUL","2","4.1","26","3.0","5.2","a","","7.0","3.2551644444444445","7.211471111111112","1.0","1","[3]"
"366","Wirtz","LIV","3","7.3","18","4.0","3.6","a","","5.7","3.2348671999999996","6.836787199999999","1.0","1","[4]"
"597","Suzuki","AVL","1","5.0","16","4.0","4.0","a","","1.9","3.2","6.4576","1.0","1","[3]"
"261","Iwobi","FUL","3","5.4","14","3.3","2.8","a","","0.7","3.153024","6.340319999999999","1.0","1","[2]"
"129","Ayari","BHA","3","5.4","15","4.3","3.8","a","","0.4","3.1228","6.36918","1.0","1","[3]"
"47","Kamara","AVL","3","5.0","15","3.2","3.0","a","","0.3","3.11872","6.245473066666667","1.0","1","[3]"
"113","F.Kadıoğlu","BHA","2","4.4","13","4.3","3.2","a","","1.6","3.0425955555555553","6.089765333333332","1.0","1","[3]"
"335","Stach","LEE","3","6.0","27","3.3","5.4","a","","2.5","3.0338783999999994","7.1380535999999974","1.0","1","[5]"
"254","Robinson","FUL","2","4.5","12","3.0","2.4","a","","1.5","2.9899584","5.9737392","1.0","1","[2]"
"358","Kerkez","LIV","2","5.3","13","4.0","2.6","a","","2.2","2.972131555555555","6.062398222222222","1.0","1","[4]"
"432","Mainoo","MUN","3","5.5","22","5.7","4.4","d","Unspecified injury - 75% chance of playing","1.6","2.9642543999999993","6.173264399999999","0.75","1","[2]"
"460","Willock","NEW","3","5.0","22","4.3","4.4","a","","0.6","2.9417856000000002","5.817758933333334","1.0","1","[2]"
"502","Robertson","TOT","2","4.4","17","4.0","3.4","a","","2.5","2.9212330666666664","6.193435733333334","1.0","1","[4]"
"516","Bentancur","TOT","3","5.5","15","4.0","3.0","a","","0.2","2.904746666666666","6.071946666666667","1.0","1","[4]"
"116","Dunk","BHA","2","4.5","22","5.7","5.5","d","Neck injury - 75% chance of playing","1.5","2.8968","6.504840000000001","0.75","1","[3]"
"426","B.Fernandes","MUN","3","11.9","31","2.0","6.2","a","","38.5","2.8857600000000008","6.749760000000001","1.0","1","[2]"
"259","Diop","IPS","2","4.0","12","2.7","2.4","a","","12.7","2.8641600000000005","5.30484","1.0","1","[2]"
"258","Castagne","FUL","2","4.5","20","2.7","4.0","a","","0.9","2.8475136000000005","6.1581888000000005","1.0","1","[2]"
"412","Lammens","MUN","1","4.9","11","2.7","2.2","a","","9.9","2.8296","5.4546","1.0","1","[2]"
"455","Tonali","TOT","3","5.3","14","3.3","2.8","a","","1.8","2.810988444444444","5.958452888888888","1.0","1","[4]"
"236","Dewsbury-Hall","EVE","3","6.6","20","2.3","4.0","a","","6.0","2.7777600000000002","5.5610800000000005","1.0","1","[2]"
"399","Cherki","MCI","3","7.8","34","4.0","6.8","a","","28.4","2.7462940444444444","6.532864","1.0","1","[4]"
"481","Anderson","MCI","3","6.3","15","3.3","3.0","a","","4.0","2.7458442666666665","5.9620679999999995","1.0","1","[4]"
"79","Evanilson","BOU","4","6.0","18","3.0","3.6","a","","3.2","2.6837504","5.791500800000001","1.0","1","[4]"
"336","Okafor","LEE","3","5.8","18","5.0","3.6","a","","0.4","2.6656447999999995","5.609877866666666","1.0","1","[5]"
"279","Ajayi","HUL","2","4.2","27","2.3","5.4","a","","14.0","2.62824","6.1222199999999996","1.0","1","[3]"
"43","Tielemans","MUN","3","5.8","14","2.7","2.8","a","","1.5","2.6203968000000004","5.1905168","1.0","1","[2]"
"368","Szoboszlai","LIV","3","7.0","20","2.7","4.0","a","","32.8","2.6159075555555558","5.921774222222223","1.0","1","[4]"
"91","Pinnock","COV","2","4.5","14","4.3","3.5","a","","0.1","2.6144533333333335","5.3131056","1.0","1","[3]"
"447","Botman","NEW","2","5.0","15","2.3","3.0","a","","0.7","2.60496","5.31396","1.0","1","[2]"
"580","Charles","FUL","3","5.0","13","3.7","2.6","a","","0.1","2.5626528000000004","5.051858400000001","1.0","1","[2]"
"165","João Pedro","CHE","4","7.7","33","4.3","8.2","d","Knee injury - 75% chance of playing","65.2","2.5584","6.362712","0.75","1","[3]"
"367","Gakpo","LIV","3","7.2","32","5.0","6.4","d","Ankle injury - 75% chance of playing","12.4","2.555269333333333","6.155369333333333","0.75","1","[4]"
"106","Thiago","BRE","4","7.8","10","2.7","2.0","a","","9.1","2.5419911111111113","4.990278222222223","1.0","1","[3]"
"237","Ndiaye","MCI","3","5.8","22","3.0","4.4","a","","6.7","2.537646222222222","5.894093333333333","1.0","1","[4]"
"13","Rice","ARS","3","7.4","20","4.2","4.0","d","Unspecified injury - 75% chance of playing","11.6","2.44408","5.4073899999999995","0.75","1","[3]"
"96","Damsgaard","BRE","3","5.4","16","4.0","3.2","a","","0.4","2.4350577777777778","4.818798222222222","1.0","1","[3]"
"474","Jair Cunha","NFO","2","4.5","11","3.0","2.8","a","","0.2","2.3744","4.78048","1.0","1","[3]"
"598","Elvedi","LEE","2","4.5","13","4.0","3.2","a","","0.1","2.3562410666666667","5.016864711111111","1.0","1","[5]"
"37","Lindelöf","AVL","2","4.5","8","2.5","1.6","a","","0.3","2.356","4.53452","1.0","1","[3]"
"222","Strand Larsen","CRY","4","6.0","14","3.7","2.8","a","","0.7","2.3548622222222226","4.5622608","1.0","1","[3]"
"544","Xhaka","SUN","3","5.5","21","2.0","4.2","a","","3.6","2.352","5.376","1.0","1","[3]"
"244","Armstrong","EVE","3","5.0","16","2.0","3.2","a","","0.4","2.3463168000000008","4.6420472888888895","1.0","1","[2]"
"290","Slater","HUL","3","4.5","15","2.3","3.0","a","","5.2","2.34232","4.97306","1.0","1","[3]"
"203","Canvot","CRY","2","4.8","10","3.0","2.5","a","","0.2","2.336","4.57152","1.0","1","[3]"
"295","McBurnie","HUL","4","5.5","13","2.3","2.6","a","","1.9","2.30104","4.79122","1.0","1","[3]"
"567","Horníček","NEW","1","5.0","14","2.0","2.8","a","","1.5","2.2982400000000003","4.73424","1.0","1","[2]"
"105","Anthony","BRE","3","5.9","15","4.0","3.0","a","","0.1","2.2784","4.47848","1.0","1","[3]"
"239","Garner","EVE","3","6.0","11","3.0","2.2","a","","0.2","2.2608384000000004","4.085334755555556","1.0","1","[2]"
"184","Grimes","COV","3","4.9","11","2.3","2.2","a","","0.1","2.248471111111111","4.6557528","1.0","1","[3]"
"558","Schlager","NFO","3","5.0","13","2.7","2.6","a","","0.1","2.2426311111111112","4.531886222222223","1.0","1","[3]"
"331","Gudmundsson","LEE","2","4.5","14","4.7","4.7","a","","0.1","2.2108800000000004","4.8376160000000015","1.0","1","[5]"
"264","Bobb","FUL","3","5.5","13","2.7","2.6","a","","0.3","2.2094688000000007","4.508666400000002","1.0","1","[2]"
"569","Gonzalo","FUL","4","6.0","14","2.0","2.8","a","","3.9","2.17056","4.655279999999999","1.0","1","[2]"
"566","Silva","BOU","2","5.0","13","2.3","2.6","a","","0.4","2.16016","4.62372","1.0","1","[4]"
"304","O'Shea","IPS","2","4.0","10","2.0","2.0","a","","2.7","2.16","4.0520000000000005","1.0","1","[2]"
"86","Lewis-Potter","BRE","3","5.5","22","2.0","4.4","a","","1.7","2.150897777777778","4.901592888888889","1.0","1","[3]"
"155","Enzo","MCI","3","6.9","13","4.0","3.2","a","","3.6","2.1452600888888886","4.5874880000000005","1.0","1","[4]"
"486","McAtee","NFO","3","5.5","12","2.3","2.4","a","","0.1","2.141013333333333","4.369109333333333","1.0","1","[3]"
"60","Hill","BOU","2","5.5","12","2.3","2.4","a","","0.8","2.1307199999999997","4.51284","1.0","1","[4]"
"619","Palacios","IPS","3","5.0","11","3.3","2.8","a","","0.1","2.1252000000000004","3.9173444444444447","1.0","1","[2]"
"557","Tzolis","ARS","3","6.3","16","2.5","3.2","a","","12.2","2.101208888888889","4.449382222222222","1.0","1","[3]"
"280","Coyle","HUL","2","4.0","14","2.7","2.8","a","","0.7","2.1003733333333336","4.325253333333334","1.0","1","[3]"
"650","Affengruber","FUL","2","4.5","12","4.0","6.0","a","","0.1","2.0995200000000005","4.548960000000002","1.0","1","[2]"
"541","Meunier","SUN","2","4.5","14","2.3","2.8","a","","0.3","2.0944","4.4044","1.0","1","[3]"
"26","Havertz","ARS","4","7.6","19","3.2","3.8","d","Hamstring injury - 75% chance of playing","8.3","2.0509866666666667","4.681726666666667","0.75","1","[3]"
"445","Thiaw","NEW","2","5.0","14","1.7","2.8","a","","2.2","2.02608","4.273079999999999","1.0","1","[2]"
"154","Palmer","CHE","3","9.7","28","2.7","5.6","d","Muscular injury - 75% chance of playing","25.7","2.0214133333333333","5.0981164","0.75","1","[3]"
"210","Wharton","CRY","3","5.4","12","2.0","2.4","a","","0.7","1.9997866666666668","4.088401066666666","1.0","1","[3]"
"345","Tanaka","LEE","3","4.9","14","4.3","3.5","a","","0.3","1.9858719999999999","4.236694666666667","1.0","1","[5]"
"605","Yalcouyé","BHA","3","4.5","20","3.7","4.0","a","","4.0","1.9656177777777781","4.109232000000001","1.0","1","[3]"
"88","Kayode","BRE","2","4.6","23","2.7","4.6","a","","7.6","1.9626133333333335","4.290962666666666","1.0","1","[3]"
"459","L.Miley","NEW","3","5.5","12","2.0","2.4","a","","0.1","1.9616256000000003","3.957465600000001","1.0","1","[2]"
"639","Andrés","BHA","3","5.5","12","4.0","6.0","a","","0.0","1.9440000000000002","4.255200000000001","1.0","1","[3]"
"586","Mendy","HUL","2","4.1","25","3.0","6.2","a","","6.3","1.9433066666666667","4.429986666666667","1.0","1","[3]"
"183","Rudoni","COV","3","4.9","13","3.0","2.6","a","","0.1","1.9377600000000001","3.9658608000000006","1.0","1","[3]"
"551","N.Angulo","SUN","3","5.0","16","2.7","3.2","a","","0.1","1.9336444444444447","4.051611111111112","1.0","1","[3]"
"265","Berge","FUL","3","4.9","11","2.3","2.2","a","","0.3","1.9130784","3.9007031999999997","1.0","1","[2]"
"591","Enciso","IPS","3","5.5","15","1.7","3.0","a","","0.8","1.8912096000000003","3.818653066666667","1.0","1","[2]"
"418","Maguire","MUN","2","4.8","10","1.7","2.0","a","","8.6","1.8878400000000004","3.7988400000000007","1.0","1","[2]"
"31","Konsa","ARS","2","4.6","12","3.0","3.0","a","","19.4","1.8733333333333335","3.8403333333333336","1.0","1","[3]"
"211","Yeremy","CRY","3","5.5","14","2.7","2.8","a","","0.3","1.8529155555555556","3.718465866666667","1.0","1","[3]"
"28","Martinez","CHE","1","5.0","9","2.3","2.2","a","","4.7","1.8272","3.7834559999999997","1.0","1","[3]"
"53","Manzambi","AVL","3","5.9","14","3.5","7.0","a","","0.4","1.8270000000000002","4.07169","1.0","1","[3]"
"73","Adams","BOU","3","5.0","12","3.3","2.4","a","","0.3","1.8001823999999997","3.6557928","1.0","1","[4]"
"145","Fofana","CHE","2","5.0","8","2.7","2.0","a","","0.2","1.7943466666666668","3.6097984000000007","1.0","1","[3]"
"67","Rayan","BOU","3","6.3","10","2.0","2.0","a","","1.6","1.7745777777777776","3.7381866666666665","1.0","1","[4]"
"267","Lukić","IPS","3","4.9","11","1.7","2.2","a","","0.1","1.7088000000000003","3.306488888888889","1.0","1","[2]"
"200","Lacroix","CHE","2","5.9","13","2.0","2.6","a","","6.8","1.695431111111111","3.6559189333333335","1.0","1","[3]"
"644","Timber","CRY","3","5.0","9","3.0","3.0","a","","0.0","1.6866666666666665","3.3699599999999994","1.0","1","[3]"
"491","Igor Jesus","NFO","4","5.8","12","3.0","2.4","a","","2.6","1.6585066666666666","3.282061333333333","1.0","1","[3]"
"372","Mac Allister","LIV","3","5.4","11","2.7","2.2","a","","1.3","1.639072","3.4240720000000002","1.0","1","[4]"
"423","Shaw","MUN","2","4.3","9","2.0","2.2","a","","7.7","1.633728","3.259594666666667","1.0","1","[2]"
"570","Palacios","FUL","3","5.4","12","3.0","3.0","a","","0.2","1.6272000000000002","3.3357600000000005","1.0","1","[2]"
"167","Delap","NFO","4","5.6","9","2.7","2.2","a","","2.7","1.6127555555555555","3.197811111111111","1.0","1","[3]"
"61","Truffert","BOU","2","5.4","10","1.7","2.0","a","","3.0","1.60816","3.46092","1.0","1","[4]"
"104","Onyeka","COV","3","4.9","9","2.3","2.2","a","","0.1","1.5937244444444445","3.3000144000000002","1.0","1","[3]"
"545","Sadiki","SUN","3","4.9","10","1.7","2.0","a","","0.2","1.5926222222222224","3.333755555555556","1.0","1","[3]"
"166","N.Jackson","AVL","4","6.5","10","2.5","2.5","a","","1.5","1.5888888888888888","3.2063777777777775","1.0","1","[3]"
"156","Neto","CHE","3","6.5","14","2.0","2.8","a","","1.4","1.5699911111111111","3.4219904000000003","1.0","1","[3]"
"656","Mfuni","COV","2","4.0","6","3.0","6.0","a","","0.1","1.566","3.6109800000000005","1.0","1","[3]"
"389","Matheus N.","MCI","2","5.9","11","3.3","3.7","a","","1.0","1.4649098666666664","3.269692","1.0","1","[4]"
"529","Roefs","SUN","1","4.9","11","1.3","2.2","a","","2.4","1.4440000000000002","3.1870000000000007","1.0","1","[3]"
"419","Martinez","MUN","2","5.0","6","1.7","1.5","a","","1.3","1.4411520000000004","2.801952000000001","1.0","1","[2]"
"417","Dalot","MUN","2","4.9","8","1.7","1.6","a","","1.6","1.3983936000000001","2.738566933333334","1.0","1","[2]"
"464","Wissa","NEW","4","6.2","15","1.0","3.0","a","","18.7","1.3970880000000003","3.2492880000000004","1.0","1","[2]"
"401","Marmoush","TOT","4","7.0","8","2.0","2.0","a","","2.1","1.3861333333333332","2.9982666666666664","1.0","1","[4]"
"532","Ballard","SUN","2","4.9","14","2.0","2.8","d","Hamstring injury - 75% chance of playing","2.5","1.371","3.1979999999999995","0.75","1","[3]"
"46","Barkley","AVL","3","5.0","10","2.0","2.0","a","","0.3","1.3688888888888888","2.762417777777778","1.0","1","[3]"
"10","White","ARS","2","5.5","21","2.5","5.2","d","Groin injury - 75% chance of playing","4.9","1.3503","3.3237750000000004","0.75","1","[3]"
"403","Sávio","TOT","3","6.5","8","2.7","2.7","a","","0.7","1.3248","2.8656","1.0","1","[4]"
"643","Chilwell","CRY","2","4.5","8","2.7","4.0","a","","0.4","1.3086000000000002","2.7547020000000004","1.0","1","[3]"
"199","Benitez","CRY","1","4.5","8","2.7","4.0","a","","0.1","1.3086000000000002","2.7547020000000004","1.0","1","[3]"
"33","Mings","AVL","2","4.5","10","2.2","2.5","a","","0.4","1.30384","2.6736608000000004","1.0","1","[3]"
"533","Mukiele","SUN","2","5.4","13","1.3","3.2","a","","1.9","1.2832000000000003","3.013600000000001","1.0","1","[3]"
"565","M.Sangaré","BRE","3","5.6","22","1.3","4.4","a","","9.9","1.2811466666666669","3.1473693333333337","1.0","1","[3]"
"57","Petrović","BOU","1","4.5","9","1.3","1.8","a","","3.0","1.2696","2.7966","1.0","1","[4]"
"209","Johnson","EVE","3","5.9","9","2.3","1.8","a","","0.1","1.2680639999999999","2.3054266666666665","1.0","1","[2]"
"519","Gallagher","TOT","3","5.3","9","3.0","3.0","a","","0.2","1.242","2.6865","1.0","1","[4]"
"429","Rashford","MUN","3","7.0","10","2.3","2.0","d","Unspecified injury - 75% chance of playing","1.5","1.1953656000000001","2.5344306000000003","0.75","1","[2]"
"100","Carvalho","BRE","3","5.0","6","2.0","6.0","a","","0.0","1.1880000000000004","2.856600000000001","1.0","1","[3]"
"51","George Hemmings","AVL","3","4.5","9","1.8","1.8","a","","1.2","1.1880000000000002","2.3973840000000006","1.0","1","[3]"
"617","Cho","HUL","3","5.0","9","2.7","2.2","a","","0.0","1.179","2.36025","1.0","1","[3]"
"32","Cash","AVL","2","4.4","6","1.8","1.5","a","","4.8","1.152426666666667","2.2773845333333336","1.0","1","[3]"
"461","Touré","NEW","3","5.8","8","2.3","2.7","a","","0.1","1.1489040000000001","2.3112540000000004","1.0","1","[2]"
"522","Gray","TOT","3","4.9","9","1.7","2.2","a","","0.2","1.117207111111111","2.504164888888889","1.0","1","[4]"
"102","Yarmoliuk","BRE","3","4.8","9","2.3","1.8","a","","0.6","1.0655999999999999","2.10384","1.0","1","[3]"
"452","Bruno G.","ARS","3","6.7","9","2.2","3.0","a","","1.8","1.0476","2.2383000000000006","1.0","1","[3]"
"393","Khusanov","MCI","2","5.4","9","1.7","3.0","a","","1.4","1.0454143999999999","2.5024053333333334","1.0","1","[4]"
"462","Steur","NEW","3","4.9","8","2.0","1.6","a","","0.1","1.0361472","1.9935605333333335","1.0","1","[2]"
"581","Diomande","NFO","2","5.4","7","2.3","2.3","a","","0.5","1.035","2.10105","1.0","1","[3]"
"575","Yirenkyi","COV","3","4.8","9","1.7","1.8","a","","0.1","1.0105333333333335","2.1192226666666674","1.0","1","[3]"
"377","Munoz","LIV","3","6.5","15","1.7","3.0","a","","0.9","1.0025056","2.3337656000000004","1.0","1","[4]"
"11","Mosquera","ARS","2","5.3","12","1.5","6.0","a","","1.6","0.9990000000000001","2.55825","1.0","1","[3]"
"194","Thomas-Asante","COV","4","5.0","9","2.0","1.8","a","","0.8","0.9927466666666667","2.0406997333333337","1.0","1","[3]"
"564","Scherpen","IPS","1","4.5","7","1.0","1.8","a","","0.6","0.9745920000000001","1.9735680000000002","1.0","1","[2]"
"553","Isidor","SUN","4","5.5","15","2.0","3.0","a","","1.3","0.9720000000000001","2.1060000000000008","1.0","1","[3]"
"640","Flemming","IPS","4","5.5","6","2.0","2.0","a","","0.1","0.9720000000000001","1.8234000000000001","1.0","1","[2]"
"247","Hackney","EVE","3","5.4","10","2.0","2.0","a","","0.2","0.9720000000000001","1.8126000000000002","1.0","1","[2]"
"7","Lewis-Skelly","ARS","3","5.4","9","1.5","2.2","a","","0.6","0.9707822222222223","2.0963355555555556","1.0","1","[3]"
"627","Barcola","LIV","3","8.0","7","2.3","2.3","a","","1.9","0.9521999999999998","2.03895","1.0","1","[4]"
"483","Ndoye","NFO","3","5.5","15","1.0","3.0","a","","0.7","0.9269333333333335","2.228853333333334","1.0","1","[3]"
"201","Muñoz","NFO","2","5.4","5","1.7","1.2","a","","5.7","0.9252000000000001","1.8075666666666668","1.0","1","[3]"
"415","Dorgu","MUN","3","5.8","10","3.0","2.0","d","Hamstring injury - 75% chance of playing","0.5","0.8602200000000001","1.781595","0.75","1","[2]"
"562","Maeda","IPS","3","5.3","8","1.3","1.6","a","","0.2","0.8379168000000002","1.6110720888888894","1.0","1","[2]"
"512","Kudus","TOT","3","6.5","7","2.0","1.8","a","","0.2","0.814752","1.7392320000000001","1.0","1","[4]"
"238","Grealish","EVE","3","6.5","6","1.7","1.5","a","","0.5","0.8106480000000001","1.4915340000000004","1.0","1","[2]"
"473","Aina","NFO","2","4.4","8","1.0","2.0","a","","2.4","0.7888000000000001","1.76936","1.0","1","[3]"
"224","Nketiah","CRY","4","5.5","8","1.7","2.0","a","","0.5","0.7866000000000001","1.6039620000000003","1.0","1","[3]"
"576","Stroud","HUL","3","5.0","7","1.3","1.8","a","","0.1","0.7636000000000001","1.6351000000000002","1.0","1","[3]"
"313","Clarke","IPS","3","5.4","11","1.3","2.8","a","","0.2","0.7484400000000001","1.5572700000000002","1.0","1","[2]"
"506","Udogie","TOT","2","4.4","7","1.7","2.3","a","","0.3","0.743544","1.677654","1.0","1","[4]"
"514","Tel","TOT","3","5.7","8","1.3","2.0","a","","0.2","0.7418961777777778","1.7074166222222225","1.0","1","[4]"
"161","Lavia","CHE","3","5.0","11","1.0","2.8","a","","0.2","0.7384533333333333","1.8054495999999998","1.0","1","[3]"
"499","Pedro Porro","TOT","2","5.4","9","2.7","3.0","d","Hamstring injury - 75% chance of playing","7.6","0.722844","1.7412165000000002","0.75","1","[4]"
"526","Solanke","TOT","4","5.8","7","1.7","1.4","a","","0.8","0.683928","1.4446980000000003","1.0","1","[4]"
"611","Wan-Bissaka","AVL","2","4.5","6","1.5","1.5","a","","0.2","0.675","1.36215","1.0","1","[3]"
"525","Fernandes","TOT","3","5.7","7","1.3","1.4","a","","0.8","0.6699317333333331","1.4633010666666666","1.0","1","[4]"
"148","Hato","CHE","2","4.5","8","1.0","2.0","a","","0.8","0.6650666666666667","1.533552","1.0","1","[3]"
"186","Mason-Clark","COV","3","5.3","5","1.3","1.2","a","","0.1","0.6591199999999999","1.3589575999999999","1.0","1","[3]"
"328","Struijk","BHA","2","4.9","7","2.3","2.3","d","Hamstring injury - 75% chance of playing","0.2","0.65475","1.4853375","0.75","1","[3]"
"64","Smith","BOU","2","4.5","4","0.7","0.8","a","","0.1","0.6352988444444444","1.3618341333333333","1.0","1","[4]"
"634","Fernandez-Pardo","NEW","4","6.0","4","1.3","1.3","a","","0.1","0.6318000000000001","1.2460500000000003","1.0","1","[2]"
"592","Ouattara","IPS","2","4.0","6","1.3","1.2","a","","0.9","0.624024","1.160406","1.0","1","[2]"
"439","Šeško","MUN","4","7.0","8","2.0","2.0","d","Shin injury - 75% chance of playing","1.6","0.61965","1.3284","0.75","1","[2]"
"306","Greaves","IPS","2","4.0","3","0.7","0.8","a","","1.1","0.6134688","1.1688338666666667","1.0","1","[2]"
"501","Danso","SUN","2","5.0","3","1.0","1.0","a","","0.2","0.6","1.23","1.0","1","[3]"
"633","Ahanor","CRY","2","4.5","3","1.0","3.0","a","","0.0","0.5940000000000002","1.4023800000000004","1.0","1","[3]"
"136","Welbeck","CHE","4","5.9","4","1.3","1.3","a","","1.0","0.5850000000000001","1.2179700000000002","1.0","1","[3]"
"642","Thomas","HUL","3","5.5","4","1.3","1.3","a","","0.0","0.5850000000000001","1.1992500000000001","1.0","1","[3]"
"309","Núñez","IPS","3","4.9","6","0.0","3.0","a","","0.1","0.5832000000000002","1.0940400000000003","1.0","1","[2]"
"255","J.Cuenca","FUL","2","4.5","3","0.0","3.0","a","","0.0","0.5832000000000002","1.1955600000000004","1.0","1","[2]"
"536","Reinildo","SUN","2","4.4","7","0.0","1.8","a","","0.3","0.5760000000000001","1.1808","1.0","1","[3]"
"175","van Ewijk","COV","2","4.0","6","1.0","1.5","d","Hamstring injury - 75% chance of playing","8.7","0.5760000000000001","1.3550400000000005","0.75","1","[3]"
"149","Colwill","CHE","2","4.8","3","0.7","0.8","a","","0.9","0.5425688888888889","1.1493064","1.0","1","[3]"
"405","N.Gonzalez","NEW","3","5.5","5","1.0","1.7","a","","0.2","0.5404320000000001","1.1452320000000002","1.0","1","[2]"
"52","Alysson","AVL","3","5.0","8","1.8","2.0","d","Unspecified injury - 75% chance of playing","0.0","0.5373","1.183221","0.75","1","[3]"
"75","Christie","BOU","3","5.0","5","1.3","1.2","a","","0.0","0.5315759999999999","1.108782","1.0","1","[4]"
"596","Ruggeri","AVL","2","4.5","5","1.0","1.7","a","","0.1","0.5004000000000001","1.0867680000000002","1.0","1","[3]"
"498","Senesi","TOT","2","5.8","3","0.0","3.0","a","","3.5","0.4968000000000001","1.0746000000000002","1.0","1","[4]"
"635","Larsson","FUL","3","5.0","3","1.0","1.0","a","","0.0","0.48600000000000004","0.9963000000000001","1.0","1","[2]"
"95","O.Dango","BRE","3","6.3","7","1.0","1.4","a","","0.5","0.47880000000000006","1.01646","1.0","1","[3]"
"662","Nicoll-Jazuli","CHE","3","4.5","1","1.0","1.0","a","","0.0","0.47700000000000004","0.9639000000000001","1.0","1","[3]"
"589","Gourna-Douath","HUL","3","5.0","4","1.0","1.3","a","","0.0","0.4716","1.0008000000000001","1.0","1","[3]"
"371","Gravenberch","LIV","3","5.8","9","1.0","1.8","a","","1.1","0.466992","1.0906920000000002","1.0","1","[4]"
"583","Chavarria","CHE","2","4.9","5","1.0","1.0","a","","0.1","0.4622222222222222","0.9623466666666667","1.0","1","[3]"
"534","Hume","SUN","2","4.3","10","0.7","2.5","a","","2.8","0.45228444444444443","1.1348311111111111","1.0","1","[3]"
"144","Gusto","CHE","2","4.9","4","0.7","1.0","a","","1.0","0.45212444444444444","0.9884117333333334","1.0","1","[3]"
"646","Fofana","SUN","3","5.5","3","1.0","1.0","a","","0.0","0.45","0.9225000000000001","1.0","1","[3]"
"56","Abraham","AVL","4","5.5","4","1.0","1.0","a","","0.2","0.45","0.9081","1.0","1","[3]"
"19","Zubimendi","ARS","3","5.3","5","1.0","1.0","a","","0.6","0.45","0.9225000000000001","1.0","1","[3]"
"90","Hickey","BRE","2","4.5","5","1.0","1.0","a","","0.1","0.45","0.9135000000000001","1.0","1","[3]"
"54","Gomes","AVL","3","5.5","2","1.0","1.0","a","","0.0","0.45","0.9081","1.0","1","[3]"
"585","Herrington","HUL","2","4.0","5","1.0","1.0","a","","0.6","0.45","0.9225000000000001","1.0","1","[3]"
"490","Wood","NFO","4","5.8","4","1.0","1.0","a","","0.9","0.45","0.9135000000000001","1.0","1","[3]"
"157","Estêvão","CHE","3","6.3","4","1.0","1.0","a","","0.7","0.45","0.9369000000000001","1.0","1","[3]"
"450","Livramento","NEW","2","4.9","4","1.3","2.0","d","Unspecified injury - 75% chance of playing","0.1","0.4490640000000001","1.0089765000000002","0.75","1","[2]"
"300","Walton","IPS","1","4.4","2","0.7","2.0","a","","0.4","0.441288","0.960642","1.0","1","[2]"
"119","Costinha","BHA","2","4.5","4","1.0","0.8","a","","0.0","0.4356","0.8785800000000001","1.0","1","[3]"
"347","Nmecha","LEE","4","5.4","7","1.0","1.8","a","","0.5","0.42638400000000004","1.0191960000000002","1.0","1","[5]"
"72","Gannon-Doak","BOU","3","4.9","4","1.0","1.0","a","","0.1","0.414","0.8721","1.0","1","[4]"
"101","Henderson","CHE","3","4.9","2","0.7","2.0","a","","0.0","0.40859999999999996","1.002618","1.0","1","[3]"
"337","Aaronson","LEE","3","5.3","7","1.0","1.4","a","","0.5","0.40219200000000005","0.923148","1.0","1","[5]"
"663","Pivas","NEW","2","4.0","0","0.0","0.0","a","","0.0","0.39204000000000006","0.39204000000000006","1.0","1","[2]"
"666","Thompson","NEW","3","4.5","0","0.0","0.0","a","","0.0","0.39204000000000006","0.39204000000000006","1.0","1","[2]"
"665","Mills","NEW","3","4.5","0","0.0","0.0","a","","0.0","0.39204000000000006","0.39204000000000006","1.0","1","[2]"
"14","Eze","ARS","3","6.2","4","0.8","1.0","a","","1.0","0.37440000000000007","0.7902000000000001","1.0","1","[3]"
"190","Tchaouna","COV","3","5.4","5","0.7","1.2","a","","0.1","0.36573333333333335","0.8223373333333334","1.0","1","[3]"
"253","Andersen","FUL","2","5.0","3","0.7","1.0","a","","0.2","0.363528","0.7819740000000002","1.0","1","[2]"
"440","Zirkzee","MUN","4","5.3","2","0.7","1.0","a","","0.4","0.363528","0.7509780000000001","1.0","1","[2]"
"318","Philogene","IPS","3","5.4","2","0.7","1.0","a","","0.1","0.363528","0.7126020000000001","1.0","1","[2]"
"263","Kevin","FUL","3","5.3","4","0.7","1.0","a","","0.0","0.363528","0.7819740000000002","1.0","1","[2]"
"571","Florentino","IPS","3","4.8","2","0.7","1.0","a","","0.1","0.363528","0.7126020000000001","1.0","1","[2]"
"262","Smith Rowe","FUL","3","5.3","3","0.7","1.0","a","","0.2","0.363528","0.7819740000000002","1.0","1","[2]"
"559","Bamba","NEW","3","4.9","3","0.7","1.0","a","","0.1","0.363528","0.7509780000000001","1.0","1","[2]"
"232","O'Brien","EVE","2","4.8","2","0.7","1.0","a","","0.3","0.363528","0.708174","1.0","1","[2]"
"660","Fredrick","BRE","2","4.0","0","0.0","0.0","a","","0.0","0.36300000000000004","0.36300000000000004","1.0","1","[3]"
"17","Merino","ARS","3","5.8","4","0.8","0.8","a","","0.4","0.36000000000000004","0.7380000000000001","1.0","1","[3]"
"488","I.Sangaré","NFO","3","4.9","4","0.7","1.3","a","","0.4","0.3582","0.79389","1.0","1","[3]"
"195","Simms","COV","4","4.9","4","0.7","1.3","a","","0.6","0.3582","0.8158860000000001","1.0","1","[3]"
"664","Salia","NEW","4","4.5","0","0.0","0.0","a","","0.1","0.35640000000000005","0.35640000000000005","1.0","1","[2]"
"71","Cook","BOU","3","5.0","8","0.7","1.6","a","","0.2","0.349416","0.8350020000000001","1.0","1","[4]"
"271","Muniz","FUL","4","5.4","3","0.7","0.8","a","","0.4","0.347976","0.7255980000000002","1.0","1","[2]"
"387","O'Reilly","MCI","2","6.3","6","0.7","1.5","a","","10.9","0.342792","0.8486100000000001","1.0","1","[4]"
"327","Bijol","LEE","2","5.0","12","0.3","4.0","a","","0.7","0.3371760000000001","1.1365740000000002","1.0","1","[5]"
"126","O'Riley","BHA","3","5.4","2","0.7","1.0","a","","0.1","0.3366","0.7314300000000001","1.0","1","[3]"
"637","Vaz","HUL","4","5.0","2","0.7","1.0","a","","0.1","0.3366","0.7240500000000001","1.0","1","[3]"
"620","Diouf","BRE","2","4.5","2","0.7","1.0","a","","0.1","0.3366","0.7166700000000001","1.0","1","[3]"
"631","Mbaye","AVL","3","6.0","2","0.7","1.0","a","","0.1","0.3366","0.712242","1.0","1","[3]"
"212","Hughes","CRY","3","4.4","2","0.7","1.0","a","","7.3","0.3366","0.7048620000000001","1.0","1","[3]"
"568","Barco","CHE","3","5.4","3","0.7","1.0","a","","0.1","0.3366","0.7358580000000001","1.0","1","[3]"
"457","J.Murphy","NEW","3","5.9","3","0.7","0.6","a","","0.1","0.332424","0.644274","1.0","1","[2]"
"667","Wright","AVL","1","4.0","0","0.0","0.0","a","","0.1","0.33","0.33","1.0","1","[3]"
"661","Balcombe","BRE","1","4.0","0","0.0","0.0","a","","0.0","0.33","0.33","1.0","1","[3]"
"125","Georginio","BHA","4","5.3","6","0.3","3.0","a","","0.5","0.3294","0.9938700000000003","1.0","1","[3]"
"381","Koumas","LIV","3","5.0","3","0.7","1.0","a","","0.0","0.309672","0.6971220000000001","1.0","1","[4]"
"520","Bergvall","TOT","3","5.3","3","0.7","1.0","a","","0.1","0.309672","0.7045020000000001","1.0","1","[4]"
"375","Nyoni","LIV","3","4.9","3","0.7","1.0","a","","0.0","0.309672","0.6971220000000001","1.0","1","[4]"
"608","Jebbison","BOU","4","5.0","3","0.7","1.0","a","","0.1","0.309672","0.6853140000000001","1.0","1","[4]"
"515","Maddison","TOT","3","6.3","3","0.7","1.0","a","","0.4","0.309672","0.7045020000000001","1.0","1","[4]"
"320","Akpom","IPS","4","5.0","7","0.3","2.3","a","","1.2","0.30132","0.7695899999999999","1.0","1","[2]"
"74","Brooks","BOU","3","5.0","3","0.7","0.8","a","","0.1","0.29642399999999997","0.635418","1.0","1","[4]"
"142","James","CHE","2","5.4","3","0.7","0.8","d","Hamstring injury - 75% chance of playing","5.8","0.2900533333333333","0.6797175999999998","0.75","1","[3]"
"343","James","LEE","3","4.9","3","0.7","1.0","a","","0.1","0.282744","0.6510060000000001","1.0","1","[5]"
"241","McNeil","CRY","3","5.4","3","0.0","1.5","a","","0.1","0.2700000000000001","0.53946","1.0","1","[3]"
"25","Gyökeres","ARS","4","7.1","2","0.5","1.0","a","","3.1","0.261","0.59175","1.0","1","[3]"
"160","Garnacho","AVL","3","5.8","3","0.5","1.0","a","","0.3","0.261","0.58167","1.0","1","[3]"
"162","Andrey Santos","MUN","3","4.8","4","0.3","1.3","a","","0.6","0.22356","0.5543100000000001","1.0","1","[2]"
"151","Acheampong","CHE","2","4.5","5","0.3","1.2","a","","0.3","0.21805333333333332","0.5687655999999999","1.0","1","[3]"
"430","Mount","MUN","3","5.4","1","0.3","1.0","a","","0.0","0.20023200000000002","0.4742820000000001","1.0","1","[2]"
"422","Mazraoui","MUN","2","4.4","3","0.3","1.0","a","","0.5","0.20023200000000002","0.4742820000000001","1.0","1","[2]"
"420","Yoro","MUN","2","4.8","2","0.3","1.0","a","","0.5","0.20023200000000002","0.4742820000000001","1.0","1","[2]"
"245","Dibling","EVE","3","5.4","1","0.3","1.0","a","","0.0","0.20023200000000002","0.444006","1.0","1","[2]"
"269","Sessegnon","FUL","2","4.3","3","0.3","1.0","a","","0.3","0.20023200000000002","0.4962060000000001","1.0","1","[2]"
"446","Schär","NEW","2","4.9","2","0.3","1.0","a","","0.2","0.20023200000000002","0.4742820000000001","1.0","1","[2]"
"323","McAteer","IPS","3","4.4","3","0.3","1.0","a","","1.0","0.20023200000000002","0.4471380000000001","1.0","1","[2]"
"435","Lacey","MUN","3","4.9","1","0.0","1.0","a","","0.1","0.19440000000000004","0.3834000000000001","1.0","1","[2]"
"308","Furlong","IPS","2","3.9","1","0.0","1.0","a","","0.6","0.19440000000000004","0.36468000000000006","1.0","1","[2]"
"421","Heaven","MUN","2","4.4","1","0.0","1.0","a","","0.3","0.19440000000000004","0.3834000000000001","1.0","1","[2]"
"321","Walle Egeli","IPS","4","4.5","1","0.0","1.0","a","","3.5","0.19440000000000004","0.36468000000000006","1.0","1","[2]"
"369","Ngumoha","LIV","3","5.7","4","0.3","1.3","a","","0.5","0.19043999999999997","0.52119","1.0","1","[4]"
"289","Crooks","HUL","3","4.4","3","0.3","1.0","a","","0.5","0.1858577777777778","0.4605844444444445","1.0","1","[3]"
"599","Cherif","COV","4","5.0","1","0.3","1.0","a","","0.1","0.1854","0.4678020000000001","1.0","1","[3]"
"207","Mingueza","CRY","2","4.4","2","0.3","1.0","a","","0.1","0.1854","0.4458780000000001","1.0","1","[3]"
"208","Sarr","CRY","3","6.2","1","0.3","1.0","a","","0.6","0.1854","0.4458780000000001","1.0","1","[3]"
"600","Osman","BHA","3","5.0","3","0.3","1.0","a","","0.0","0.1854","0.4646700000000001","1.0","1","[3]"
"595","Gozo","CRY","3","4.9","2","0.3","1.0","a","","0.0","0.1854","0.4458780000000001","1.0","1","[3]"
"179","Latibeaudiere","COV","2","4.0","1","0.3","1.0","a","","0.0","0.1854","0.4678020000000001","1.0","1","[3]"
"188","Torp","COV","3","5.3","3","0.3","1.0","a","","0.1","0.1854","0.4678020000000001","1.0","1","[3]"
"647","Osorio","CRY","3","5.5","1","0.3","1.0","a","","0.0","0.1854","0.4458780000000001","1.0","1","[3]"
"478","Netz","NFO","2","4.4","3","0.3","1.0","a","","0.0","0.1854","0.4542300000000001","1.0","1","[3]"
"584","Hamer","COV","3","5.4","3","0.3","1.0","a","","0.1","0.1854","0.4678020000000001","1.0","1","[3]"
"340","Gelhardt","HUL","3","5.0","1","0.3","1.0","a","","0.0","0.1854","0.45945000000000014","1.0","1","[3]"
"574","Hjertø-Dahl","HUL","3","4.9","1","0.3","1.0","a","","0.1","0.1854","0.45945000000000014","1.0","1","[3]"
"108","Wilson","BRE","4","5.4","3","0.3","1.0","a","","0.3","0.1854","0.4542300000000001","1.0","1","[3]"
"164","Quenda","CHE","3","5.3","2","0.3","1.0","a","","0.0","0.1854","0.4678020000000001","1.0","1","[3]"
"120","Svoboda","BHA","2","5.0","1","0.3","1.0","a","","0.1","0.1854","0.4646700000000001","1.0","1","[3]"
"285","McNair","HUL","2","4.0","1","0.0","1.0","a","","0.1","0.18000000000000002","0.36900000000000005","1.0","1","[3]"
"89","Henry","BRE","2","4.4","1","0.0","1.0","a","","0.2","0.18000000000000002","0.36540000000000006","1.0","1","[3]"
"548","Rigg","SUN","3","4.9","2","0.0","1.0","a","","0.0","0.18000000000000002","0.36900000000000005","1.0","1","[3]"
"35","Bogarde","AVL","3","4.9","1","0.0","1.0","a","","0.1","0.18000000000000002","0.36324000000000006","1.0","1","[3]"
"185","Sakamoto","COV","3","4.8","1","0.0","1.0","a","","0.1","0.18000000000000002","0.3747600000000001","1.0","1","[3]"
"42","Guessand","CRY","3","5.4","2","0.0","1.0","a","","0.0","0.18000000000000002","0.35964","1.0","1","[3]"
"539","O'Nien","SUN","2","3.9","1","0.0","1.0","a","","2.5","0.18000000000000002","0.36900000000000005","1.0","1","[3]"
"535","Alderete","SUN","2","4.8","1","0.0","1.0","a","","0.2","0.18000000000000002","0.36900000000000005","1.0","1","[3]"
"549","Talbi","SUN","3","5.3","1","0.0","1.0","a","","0.1","0.18000000000000002","0.36900000000000005","1.0","1","[3]"
"482","Hudson-Odoi","NFO","3","5.8","1","0.0","1.0","a","","0.1","0.18000000000000002","0.36540000000000006","1.0","1","[3]"
"487","Dominguez","NFO","3","4.9","1","0.0","1.0","a","","0.1","0.18000000000000002","0.36540000000000006","1.0","1","[3]"
"493","Kalimuendo","NFO","4","5.4","1","0.0","1.0","a","","0.1","0.18000000000000002","0.36540000000000006","1.0","1","[3]"
"400","Doku","MCI","3","7.4","1","0.3","1.0","a","","0.7","0.170568","0.4581900000000001","1.0","1","[4]"
"616","Bouaddi","MCI","3","5.5","2","0.3","1.0","a","","0.2","0.170568","0.4581900000000001","1.0","1","[4]"
"621","McAidoo","MCI","3","4.5","2","0.3","1.0","a","","0.1","0.170568","0.4581900000000001","1.0","1","[4]"
"76","Tóth.A","BOU","3","4.9","2","0.3","1.0","a","","0.0","0.170568","0.43626600000000004","1.0","1","[4]"
"364","Tsimikas","LIV","2","4.9","2","0.3","1.0","a","","0.1","0.170568","0.44461800000000007","1.0","1","[4]"
"81","Rodríguez","BOU","4","6.0","2","0.3","1.0","a","","0.1","0.170568","0.43626600000000004","1.0","1","[4]"
"147","Tosin","TOT","2","4.4","1","0.3","1.0","a","","0.1","0.170568","0.44983800000000007","1.0","1","[4]"
"396","Vitor Reis","MCI","2","4.5","1","0.0","1.0","a","","0.0","0.1656","0.36396","1.0","1","[4]"
"395","Lewis","MCI","2","4.4","1","0.0","1.0","a","","0.2","0.1656","0.36396","1.0","1","[4]"
"406","Kovačić","MCI","3","5.4","2","0.0","1.0","a","","0.1","0.1656","0.36396","1.0","1","[4]"
"622","Braithwaite","MCI","2","4.0","1","0.0","1.0","a","","0.2","0.1656","0.36396","1.0","1","[4]"
"240","Iroegbunam","HUL","3","5.0","2","0.3","0.7","a","","0.0","0.1638","0.38115","1.0","1","[3]"
"339","Longstaff","LEE","3","4.9","2","0.3","1.0","a","","0.1","0.155736","0.4162140000000001","1.0","1","[5]"
"641","Bard","LEE","2","4.5","1","0.3","1.0","a","","0.0","0.155736","0.4162140000000001","1.0","1","[5]"
"648","Bahoya","LEE","3","5.0","1","0.3","1.0","a","","0.0","0.155736","0.4162140000000001","1.0","1","[5]"
"357","Frimpong","LIV","2","5.3","2","0.3","0.7","a","","1.8","0.150696","0.368046","1.0","1","[4]"
"213","Lerma","CRY","3","4.8","1","0.3","0.5","a","","0.1","0.1494","0.320058","1.0","1","[3]"
"9","Hincapie","ARS","2","5.2","2","0.2","1.0","a","","0.9","0.1476","0.39330000000000004","1.0","1","[3]"
"16","Madueke","ARS","3","6.2","2","0.2","1.0","a","","0.2","0.1476","0.39330000000000004","1.0","1","[3]"
"20","Dowman","ARS","3","5.3","1","0.2","1.0","a","","0.1","0.1476","0.39330000000000004","1.0","1","[3]"
"556","Targett","HUL","2","4.0","1","0.0","1.0","d","Ankle injury - 75% chance of playing","1.6","0.13500000000000004","0.27675000000000005","0.75","1","[3]"
"5","J.Timber","ARS","2","6.5","1","0.2","0.5","a","","0.4","0.1116","0.26280000000000003","1.0","1","[3]"
"577","Tomiyasu","CRY","2","4.4","3","0.3","0.8","d","Calf injury - 75% chance of playing","0.3","0.108","0.2764125","0.75","1","[3]"
"243","Alcaraz","EVE","3","4.9","1","0.0","0.5","a","","0.1","0.09720000000000002","0.18126000000000003","1.0","1","[2]"
"638","Norton-Cuffy","HUL","2","4.0","1","0.3","0.5","d","Hamstring injury - 75% chance of playing","0.2","0.0918","0.22646250000000004","0.75","1","[3]"
"594","David","BHA","4","5.9","1","0.0","0.5","a","","0.2","0.09000000000000001","0.18630000000000005","1.0","1","[3]"
"159","Caicedo","CHE","3","5.3","1","0.0","1.0","d","Calf injury - 50% chance of playing","1.0","0.09000000000000001","0.18738000000000005","0.5","1","[3]"
"376","Bajcetic","LIV","3","5.0","0","0.0","0.0","u","Has joined Celta Vigo permanently","0.0","0.0","0.0","0.0","1","[4]"
"97","Jensen","BRE","3","5.4","6","0.0","6.0","i","Unspecified injury - Expected back 10 Oct","0.1","0.0","0.0","0.0","1","[3]"
"187","Eccles","COV","3","4.8","0","0.0","0.0","i","Unspecified injury - Expected back 12 Oct","0.0","0.0","0.0","0.0","1","[3]"
"58","Forster","BOU","1","4.0","0","0.0","0.0","a","","3.5","0.0","0.0","1.0","1","[4]"
"189","Shepherd","COV","3","4.4","0","0.0","0.0","a","","0.3","0.0","0.0","1.0","1","[3]"
"59","Dennis","BOU","1","4.0","0","0.0","0.0","u","Has joined MK Dons permanently","0.1","0.0","0.0","0.0","1","[4]"
"602","Humphreys","IPS","3","4.5","0","0.0","0.0","u","Has joined Huddersfield Town on loan for the rest of the season","0.0","0.0","0.0","0.0","1","[2]"
"191","Borges Rodrigues","COV","3","4.5","0","0.0","0.0","u","Has joined Burton Albion on loan for the rest of the season","0.1","0.0","0.0","0.0","1","[3]"
"192","Andrews","COV","3","4.5","0","0.0","0.0","u","Has joined Oxford United on loan for the rest of the season","0.3","0.0","0.0","0.0","1","[3]"
"260","Wilson","LEE","3","6.2","5","0.3","1.2","i","Thigh injury - Unknown return date","1.7","0.0","0.0","0.0","1","[5]"
"326","Perri","LEE","1","4.5","0","0.0","0.0","u","Has joined Torino on loan for the rest of the season","0.3","0.0","0.0","0.0","1","[5]"
"193","Wright","COV","4","5.3","0","0.0","0.0","i","Thigh injury - Unknown return date","0.1","0.0","0.0","0.0","1","[3]"
"329","Rodon","LEE","2","4.3","7","0.0","3.5","i","Hamstring injury - Expected back 21 Nov","0.8","0.0","0.0","0.0","1","[5]"
"657","Nunes","BRE","3","4.5","0","0.0","0.0","a","","0.0","0.0","0.0","1.0","1","[3]"
"38","A.García","AVL","2","4.0","0","0.0","0.0","a","","1.5","0.0","0.0","1.0","1","[3]"
"39","Nedeljkovic","AVL","2","4.0","0","0.0","0.0","u","Has joined Rangers on loan for the rest of the season","0.1","0.0","0.0","0.0","1","[3]"
"333","Bornauw","LEE","2","4.5","0","0.0","0.0","u","Has joined Hamburg SV on loan for the rest of the season","0.0","0.0","0.0","0.0","1","[5]"
"197","Bassette","COV","4","4.5","0","0.0","0.0","u","Has joined KVC Westerlo on loan for the rest of the season","0.0","0.0","0.0","0.0","1","[3]"
"492","Awoniyi","COV","4","5.4","3","0.0","0.8","s","Suspended until 19 Oct","0.4","0.0","0.0","0.0","1","[3]"
"62","Diakité","BOU","2","4.9","0","0.0","0.0","a","","0.2","0.0","0.0","1.0","1","[4]"
"111","Steele","BHA","1","4.0","0","0.0","0.0","a","","4.1","0.0","0.0","1.0","1","[3]"
"63","Milosavljević","BOU","2","4.9","0","0.0","0.0","i","Thigh injury - Unknown return date","0.0","0.0","0.0","0.0","1","[4]"
"34","Pau","AVL","2","4.4","3","0.8","1.0","i","Hamstring injury - Expected back 10 Oct","0.3","0.0","0.0","0.0","1","[3]"
"341","Gnonto","LEE","3","5.0","0","0.0","0.0","u","Has joined ACF Fiorentina on loan for the rest of the season","0.0","0.0","0.0","0.0","1","[5]"
"342","Harrison","LEE","3","5.0","0","0.0","0.0","u","Has joined New England Revolution permanently","0.0","0.0","0.0","0.0","1","[5]"
"623","Bentley","COV","1","4.0","0","0.0","0.0","a","","0.6","0.0","0.0","1.0","1","[3]"
"344","Gruev","LEE","3","5.0","0","0.0","0.0","a","","0.0","0.0","0.0","1.0","1","[5]"
"655","Gboho","COV","3","5.5","0","0.0","0.0","a","","0.0","0.0","0.0","1.0","1","[3]"
"22","Nwaneri","ARS","3","5.4","0","0.0","0.0","u","Has joined Borussia Dortmund on loan for the rest of the season","0.0","0.0","0.0","0.0","1","[3]"
"632","Ansah","HUL","4","5.0","0","0.0","0.0","i","Back injury - Unknown return date","0.0","0.0","0.0","0.0","1","[3]"
"348","Piroe","LEE","4","5.0","0","0.0","0.0","u","Has joined West Ham United on loan for the rest of the season","0.1","0.0","0.0","0.0","1","[5]"
"349","Mateo Joseph","LEE","4","4.5","0","0.0","0.0","i","Knee injury - Unknown return date","0.1","0.0","0.0","0.0","1","[5]"
"153","Disasi","CRY","2","4.5","1","0.0","0.3","s","Suspended until 25 Oct","0.1","0.0","0.0","0.0","1","[3]"
"198","Henderson","CRY","1","5.0","5","0.7","1.7","i","Foot injury - Expected back 11 Oct","1.3","0.0","0.0","0.0","1","[3]"
"603","Lienou","LEE","2","4.0","0","0.0","0.0","a","","0.1","0.0","0.0","1.0","1","[5]"
"604","Cresswell","LEE","3","4.5","0","0.0","0.0","a","","0.1","0.0","0.0","1.0","1","[5]"
"625","Cairns","LEE","1","4.0","0","0.0","0.0","a","","0.2","0.0","0.0","1.0","1","[5]"
"629","Zetterer","LEE","1","4.0","0","0.0","0.0","a","","0.7","0.0","0.0","1.0","1","[5]"
"99","Milambo","BRE","3","5.0","0","0.0","0.0","i","Knee injury - Unknown return date","0.0","0.0","0.0","0.0","1","[3]"
"3","Meslier","ARS","1","4.9","0","0.0","0.0","a","","0.0","0.0","0.0","1.0","1","[3]"
"65","J.Araujo","BOU","2","4.4","0","0.0","0.0","i","Thigh injury - Unknown return date","0.0","0.0","0.0","0.0","1","[4]"
"351","Mamardashvili","LIV","1","4.9","0","0.0","0.0","a","","0.1","0.0","0.0","1.0","1","[4]"
"352","Woodman","LIV","1","4.0","0","0.0","0.0","a","","1.0","0.0","0.0","1.0","1","[4]"
"353","Pecsi","LIV","1","4.0","0","0.0","0.0","u","Has joined TSV Hartberg on loan for the rest of the season","0.0","0.0","0.0","0.0","1","[4]"
"354","Jaros","LIV","1","4.0","0","0.0","0.0","i","Knee injury - Unknown return date","0.0","0.0","0.0","0.0","1","[4]"
"355","Davies","LIV","1","4.0","0","0.0","0.0","a","","0.2","0.0","0.0","1.0","1","[4]"
"66","Soler","BOU","2","4.0","0","0.0","0.0","a","","0.3","0.0","0.0","1.0","1","[4]"
"171","Dovin","COV","1","4.0","0","0.0","0.0","u","Has joined Leyton Orient on loan for the rest of the season","1.0","0.0","0.0","0.0","1","[3]"
"117","Coppola","BHA","2","4.5","0","0.0","0.0","a","","0.0","0.0","0.0","1.0","1","[3]"
"359","Gomez","LIV","2","4.9","0","0.0","0.0","a","","0.0","0.0","0.0","1.0","1","[4]"
"360","Bradley","LIV","2","5.0","0","0.0","0.0","i","Knee injury - Unknown return date","0.0","0.0","0.0","0.0","1","[4]"
"361","Lucky","LIV","2","4.0","0","0.0","0.0","a","","0.1","0.0","0.0","1.0","1","[4]"
"118","Igor","BHA","2","4.5","0","0.0","0.0","u","Has joined Burnley permanently","0.0","0.0","0.0","0.0","1","[3]"
"363","Leoni","LIV","2","4.0","0","0.0","0.0","i","Knee injury - Unknown return date","0.0","0.0","0.0","0.0","1","[4]"
"651","J.Angulo","SUN","4","4.5","0","0.0","0.0","a","","0.7","0.0","0.0","1.0","1","[3]"
"365","Ramsay","LIV","2","4.0","0","0.0","0.0","u","Has joined St Mirren on loan for the rest of the season","0.1","0.0","0.0","0.0","1","[4]"
"205","Sosa","CRY","2","4.5","0","0.0","0.0","u","Has joined FC Cologne on loan for the rest of the season","0.0","0.0","0.0","0.0","1","[3]"
"206","Chadi Riad","CRY","2","4.3","1","0.0","1.0","i","Knee injury - Unknown return date","0.0","0.0","0.0","0.0","1","[3]"
"44","Bailey","AVL","3","5.4","0","0.0","0.0","u","Has joined Olympiakos permanently","0.1","0.0","0.0","0.0","1","[3]"
"23","Fábio Vieira","ARS","3","5.5","0","0.0","0.0","u","Has joined Hamburger SV permanently","0.0","0.0","0.0","0.0","1","[3]"
"370","Chiesa","LIV","3","5.3","0","0.0","0.0","i","Back injury - Unknown return date","0.0","0.0","0.0","0.0","1","[4]"
"121","Mitoma","BHA","3","5.9","0","0.0","0.0","i","Hamstring injury - Expected back 10 Oct","0.0","0.0","0.0","0.0","1","[3]"
"122","Minteh","BHA","3","5.8","0","0.0","0.0","i","Leg injury - Expected back 28 Nov","0.0","0.0","0.0","0.0","1","[3]"
"373","C.Jones","LIV","3","5.5","0","0.0","0.0","u","Has joined Internazionale permanently","0.0","0.0","0.0","0.0","1","[4]"
"374","Endo","LIV","3","4.9","0","0.0","0.0","a","","0.1","0.0","0.0","1.0","1","[4]"
"123","Hinshelwood","BHA","3","5.9","16","0.0","16.0","i","Ankle injury - Expected back 10 Oct","0.6","0.0","0.0","0.0","1","[3]"
"561","Anselmino","CHE","2","4.5","0","0.0","0.0","a","","0.0","0.0","0.0","1.0","1","[3]"
"645","Mouzakitis","HUL","3","5.0","0","0.0","0.0","a","","0.0","0.0","0.0","1.0","1","[3]"
"378","McConnell","LIV","3","4.4","0","0.0","0.0","a","","0.2","0.0","0.0","1.0","1","[4]"
"24","Nelson","ARS","3","5.5","0","0.0","0.0","u","has departed the club as a free agent.","0.0","0.0","0.0","0.0","1","[3]"
"380","Ekitiké","LIV","4","7.4","0","0.0","0.0","i","Achilles injury - Unknown return date","0.1","0.0","0.0","0.0","1","[4]"
"215","Devenny","CRY","3","5.0","0","0.0","0.0","u","Has joined Stoke City permanently","0.0","0.0","0.0","0.0","1","[3]"
"382","Danns","LIV","4","4.5","0","0.0","0.0","a","","0.2","0.0","0.0","1.0","1","[4]"
"383","Elliott","LIV","3","5.4","0","0.0","0.0","u","Has joined Valencia on loan for the rest of the season","0.0","0.0","0.0","0.0","1","[4]"
"216","Esse","CRY","3","5.0","0","0.0","0.0","u","Has joined Millwall on loan for the rest of the season","0.0","0.0","0.0","0.0","1","[3]"
"217","M.França","CRY","3","4.9","0","0.0","0.0","u","Has joined Alverca on loan for the rest of the season","0.0","0.0","0.0","0.0","1","[3]"
"218","Doucouré","CRY","3","4.8","0","0.0","0.0","a","","0.0","0.0","0.0","1.0","1","[3]"
"219","J.Rak-Sakyi","CRY","3","4.9","0","0.0","0.0","u","has joined  Kasimpasa on loan for the rest of the seaon.","0.0","0.0","0.0","0.0","1","[3]"
"220","Cardines","CRY","2","4.5","0","0.0","0.0","u","Has joined Bristol City on loan for the rest of the season","0.0","0.0","0.0","0.0","1","[3]"
"386","Bettinelli","MCI","1","4.5","0","0.0","0.0","a","","0.0","0.0","0.0","1.0","1","[4]"
"221","Drakes-Thomas","CRY","3","4.5","0","0.0","0.0","a","","0.1","0.0","0.0","1.0","1","[3]"
"70","Kluivert","BOU","3","6.0","15","3.0","3.8","i","Unspecified injury - Unknown return date","0.9","0.0","0.0","0.0","1","[4]"
"223","Mateta","CRY","4","6.3","2","0.0","2.0","i","Hamstring injury - Expected back 11 Oct","1.3","0.0","0.0","0.0","1","[3]"
"2","Arrizabalaga","ARS","1","4.9","0","0.0","0.0","a","","0.1","0.0","0.0","1.0","1","[3]"
"225","Uche","CRY","4","5.0","0","0.0","0.0","u","has returned to Getafe CF","0.0","0.0","0.0","0.0","1","[3]"
"392","Aït-Nouri","MCI","2","5.3","0","0.0","0.0","a","","0.4","0.0","0.0","1.0","1","[4]"
"48","Onana","AVL","3","4.9","0","0.0","0.0","i","Knee injury - Unknown return date","0.0","0.0","0.0","0.0","1","[3]"
"394","Alleyne","MCI","2","5.0","0","0.0","0.0","u","Has joined Burnley on loan for the rest of the season","0.0","0.0","0.0","0.0","1","[4]"
"172","Wilson","COV","1","4.4","0","0.0","0.0","a","","0.4","0.0","0.0","1.0","1","[3]"
"618","Goretzka","AVL","3","5.9","0","0.0","0.0","i","Knee injury - Expected back 10 Oct","0.0","0.0","0.0","0.0","1","[3]"
"555","Matthews","CRY","1","4.0","0","0.0","0.0","a","","1.7","0.0","0.0","1.0","1","[3]"
"398","Foden","MCI","3","6.9","9","-0.3","2.2","s","Suspended until 17 Oct","1.8","0.0","0.0","0.0","1","[4]"
"174","Kitching","COV","2","4.0","0","0.0","0.0","u","Has joined Sheffield United on loan for the rest of the season","0.3","0.0","0.0","0.0","1","[3]"
"301","Palmer","IPS","1","4.0","0","0.0","0.0","a","","3.9","0.0","0.0","1.0","1","[2]"
"402","Rodrigo","MCI","3","6.5","0","0.0","0.0","u","Has joined Barcelona permanently","0.0","0.0","0.0","0.0","1","[4]"
"404","Reijnders","MCI","3","6.0","0","0.0","0.0","u","Has joined Al Qadsiah permanently","0.0","0.0","0.0","0.0","1","[4]"
"302","Button","IPS","1","4.0","0","0.0","0.0","a","","0.6","0.0","0.0","1.0","1","[2]"
"407","Echeverri","MCI","3","4.9","0","0.0","0.0","u","Has joined Benfica on loan for the rest of the season","0.0","0.0","0.0","0.0","1","[4]"
"408","Phillips","MCI","3","5.0","0","0.0","0.0","u","Has joined Sheffield United on loan for the rest of the season","0.0","0.0","0.0","0.0","1","[4]"
"409","Mukasa","MCI","3","4.5","0","0.0","0.0","u","has joined West Ham on loan for the rest of the seaon.","0.1","0.0","0.0","0.0","1","[4]"
"410","Monga","MCI","3","4.9","0","0.0","0.0","u","Has joined Swansea City on loan for the rest of the season","0.0","0.0","0.0","0.0","1","[4]"
"128","Buonanotte","BHA","3","5.0","0","0.0","0.0","u","Has joined Elche on loan for the rest of the season","0.0","0.0","0.0","0.0","1","[3]"
"49","Iling Jr","AVL","3","5.0","0","0.0","0.0","u","Has joined Bolton Wanderers on loan for the rest of the season","0.0","0.0","0.0","0.0","1","[3]"
"587","Rulli","MCI","1","5.0","0","0.0","0.0","a","","0.0","0.0","0.0","1.0","1","[4]"
"303","Kipré","IPS","2","3.9","0","0.0","0.0","a","","0.9","0.0","0.0","1.0","1","[2]"
"630","Harwood-Bellis","AVL","2","4.5","0","0.0","0.0","a","","0.0","0.0","0.0","1.0","1","[3]"
"103","Dasilva","BRE","3","4.9","0","0.0","0.0","i","Hamstring injury - Expected back 10 Oct","0.0","0.0","0.0","0.0","1","[3]"
"628","Allan","MCI","3","6.0","0","0.0","0.0","a","","0.0","0.0","0.0","1.0","1","[4]"
"653","Samba","MCI","3","4.5","0","0.0","0.0","a","","0.0","0.0","0.0","1.0","1","[4]"
"130","Wieffer","BHA","2","4.9","7","0.0","3.5","i","Knee injury - Unknown return date","0.2","0.0","0.0","0.0","1","[3]"
"131","Baleba","MUN","3","4.9","0","0.0","0.0","a","","0.1","0.0","0.0","1.0","1","[2]"
"132","Howell","BHA","3","4.5","0","0.0","0.0","u","Has joined Leicester City on loan for the rest of the season","0.0","0.0","0.0","0.0","1","[3]"
"325","Darlow","MUN","1","4.5","0","0.0","0.0","d","Unspecified injury - 75% chance of playing","0.0","0.0","0.0","0.75","1","[2]"
"133","Watson","BHA","3","5.0","0","0.0","0.0","u","Has joined Leicester City on loan for the rest of the season","0.0","0.0","0.0","0.0","1","[3]"
"413","Bayindir","MUN","1","4.5","0","0.0","0.0","u","Has joined Celta Vigo on loan for the rest of the season","0.0","0.0","0.0","0.0","1","[2]"
"414","Heaton","MUN","1","4.0","0","0.0","0.0","i","Hamstring injury - Unknown return date","0.1","0.0","0.0","0.0","1","[2]"
"134","Oriola","BHA","3","4.5","0","0.0","0.0","a","","0.2","0.0","0.0","1.0","1","[3]"
"416","De Ligt","MUN","2","5.0","0","0.0","0.0","i","Back injury - Unknown return date","0.0","0.0","0.0","0.0","1","[2]"
"21","Nørgaard","EVE","3","4.8","0","0.0","0.0","i","Groin injury - Unknown return date","0.0","0.0","0.0","0.0","1","[2]"
"135","Yohanna","BHA","3","4.8","1","0.0","1.0","i","Unspecified injury - Expected back 10 Oct","0.0","0.0","0.0","0.0","1","[3]"
"137","Tzimas","BHA","4","5.4","0","0.0","0.0","i","Knee injury - Unknown return date","0.0","0.0","0.0","0.0","1","[3]"
"227","Travers","EVE","1","5.0","0","0.0","0.0","a","","0.0","0.0","0.0","1.0","1","[2]"
"228","King","EVE","1","4.5","0","0.0","0.0","a","","0.0","0.0","0.0","1.0","1","[2]"
"50","Burrowes","AVL","3","4.5","0","0.0","0.0","a","","0.6","0.0","0.0","1.0","1","[3]"
"139","Ferguson","BHA","4","5.0","0","0.0","0.0","i","Ankle injury - Expected back 10 Oct","0.0","0.0","0.0","0.0","1","[3]"
"424","Amass","MUN","2","4.0","0","0.0","0.0","a","","0.2","0.0","0.0","1.0","1","[2]"
"425","Fredricson","MUN","2","4.0","0","0.0","0.0","u","Has joined Lausanne-Sport permanently","0.0","0.0","0.0","0.0","1","[2]"
"231","Keane","EVE","2","4.8","0","0.0","0.0","a","","0.7","0.0","0.0","1.0","1","[2]"
"177","Kesler-Hayden","COV","2","3.9","0","0.0","0.0","i","Hamstring injury - Unknown return date","0.0","0.0","0.0","0.0","1","[3]"
"307","Johnson","IPS","2","4.0","0","0.0","0.0","u","Has joined Stoke City on loan for the rest of the season","0.1","0.0","0.0","0.0","1","[2]"
"234","Patterson","EVE","2","4.5","0","0.0","0.0","u","Has joined Torino permanently","0.0","0.0","0.0","0.0","1","[2]"
"235","Aznou","EVE","2","4.0","0","0.0","0.0","u","Has joined Malaga on loan for the rest of the season","0.1","0.0","0.0","0.0","1","[2]"
"431","Amad","MUN","3","5.7","0","0.0","0.0","i","Unspecified injury - Unknown return date","0.3","0.0","0.0","0.0","1","[2]"
"178","Bidwell","COV","2","4.0","0","0.0","0.0","a","","0.1","0.0","0.0","1.0","1","[3]"
"433","Ugarte","MUN","3","5.0","0","0.0","0.0","i","Knee injury - Unknown return date","0.0","0.0","0.0","0.0","1","[2]"
"434","J.Fletcher","MUN","3","4.9","0","0.0","0.0","a","","0.0","0.0","0.0","1.0","1","[2]"
"77","Adli","BOU","3","4.9","0","0.0","0.0","i","Calf injury - Unknown return date","0.0","0.0","0.0","0.0","1","[4]"
"436","Collyer","MUN","3","5.0","0","0.0","0.0","u","Has joined West Brom permanently","0.0","0.0","0.0","0.0","1","[2]"
"437","Bendito Mantato","MUN","3","4.4","0","0.0","0.0","a","","0.2","0.0","0.0","1.0","1","[2]"
"438","Fletcher","MUN","3","4.4","0","0.0","0.0","a","","0.3","0.0","0.0","1.0","1","[2]"
"78","Kroupi.Jr","BOU","3","7.4","0","0.0","0.0","i","Foot injury - Expected back 7 Nov","0.2","0.0","0.0","0.0","1","[4]"
"614","Hadjam","BHA","2","4.5","0","0.0","0.0","a","","0.0","0.0","0.0","1.0","1","[3]"
"441","Obi","MUN","4","4.5","0","0.0","0.0","u","Has joined Willem II on loan for the rest of the season","0.9","0.0","0.0","0.0","1","[2]"
"606","Rowe","AVL","2","4.0","0","0.0","0.0","a","","0.2","0.0","0.0","1.0","1","[3]"
"442","Pope","NEW","1","4.9","0","0.0","0.0","a","","0.9","0.0","0.0","1.0","1","[2]"
"443","Gillespie","NEW","1","4.5","0","0.0","0.0","a","","0.0","0.0","0.0","1.0","1","[2]"
"444","Jaouen","NEW","1","4.4","0","0.0","0.0","d","Ankle injury - 50% chance of playing","0.0","0.0","0.0","0.5","1","[2]"
"624","Cozier-Duberry","BHA","3","5.0","0","0.0","0.0","u","Has joined Middlesbrough on loan for the rest of the season","0.0","0.0","0.0","0.0","1","[3]"
"27","G.Jesus","ARS","4","5.9","0","0.0","0.0","u","Has joined FC Barcelona permanently","0.1","0.0","0.0","0.0","1","[3]"
"246","Röhl","EVE","3","4.9","6","0.3","2.0","i","Unspecified injury - Expected back 11 Oct","0.0","0.0","0.0","0.0","1","[2]"
"448","Burn","NEW","2","4.8","0","0.0","0.0","i","Ankle injury - Expected back 12 Oct","0.7","0.0","0.0","0.0","1","[2]"
"652","Azeez","BHA","3","5.5","0","0.0","0.0","i","Hamstring injury - Expected back 10 Oct","0.0","0.0","0.0","0.0","1","[3]"
"248","Beto","EVE","4","5.4","2","0.0","1.0","u","Has joined Fiorentina permanently","0.6","0.0","0.0","0.0","1","[2]"
"451","A.Murphy","NEW","2","4.0","0","0.0","0.0","u","Has joined FC Kaiserslautern on loan for the rest of the season","0.1","0.0","0.0","0.0","1","[2]"
"658","Ibrahim","BHA","3","4.5","0","0.0","0.0","a","","0.0","0.0","0.0","1.0","1","[3]"
"454","Elanga","NEW","3","6.1","18","0.3","6.0","i","Unspecified injury - Unknown return date","4.5","0.0","0.0","0.0","1","[2]"
"456","J.Ramsey","NEW","3","4.9","7","2.0","2.3","i","Thigh injury - Unknown return date","0.2","0.0","0.0","0.0","1","[2]"
"80","Enes Ünal","BOU","4","5.5","0","0.0","0.0","u","Has joined Getafe permanently","0.0","0.0","0.0","0.0","1","[4]"
"458","Joelinton","NEW","3","5.4","0","0.0","0.0","i","Unspecified injury - Unknown return date","0.0","0.0","0.0","0.0","1","[2]"
"654","Graham","EVE","3","4.5","0","0.0","0.0","a","","0.1","0.0","0.0","1.0","1","[2]"
"310","Matusiwa","IPS","3","4.9","0","0.0","0.0","a","","0.0","0.0","0.0","1.0","1","[2]"
"251","Lecomte","FUL","1","4.0","0","0.0","0.0","a","","1.1","0.0","0.0","1.0","1","[2]"
"252","McNally","FUL","1","4.0","0","0.0","0.0","u","Has joined York City on loan for the rest of the season","0.1","0.0","0.0","0.0","1","[2]"
"463","Woltemade","NEW","4","5.9","4","0.0","4.0","u","Has joined Juventus on loan for the rest of the season","0.5","0.0","0.0","0.0","1","[2]"
"311","Burns","IPS","3","5.0","0","0.0","0.0","u","Has joined Leicester City permanently","0.0","0.0","0.0","0.0","1","[2]"
"465","Osula","NEW","4","5.8","4","0.0","4.0","i","Foot injury - Unknown return date","0.3","0.0","0.0","0.0","1","[2]"
"466","Neave","NEW","4","4.5","0","0.0","0.0","u","Has joined Wolves on loan for the rest of the season","0.5","0.0","0.0","0.0","1","[2]"
"573","Sanchez","BOU","2","4.4","0","0.0","0.0","a","","0.2","0.0","0.0","1.0","1","[4]"
"140","Sánchez","CHE","1","4.9","2","0.0","2.0","u","Has joined Como on loan for the rest of the season","0.7","0.0","0.0","0.0","1","[3]"
"593","Dedić","NEW","2","4.5","13","0.3","3.2","i","Unspecified injury - Unknown return date","1.8","0.0","0.0","0.0","1","[2]"
"613","Ahoka","SUN","3","4.5","0","0.0","0.0","a","","0.2","0.0","0.0","1.0","1","[3]"
"256","Tete","FUL","2","4.4","0","0.0","0.0","a","","0.2","0.0","0.0","1.0","1","[2]"
"659","Miley","NEW","3","4.5","0","0.0","0.0","a","","0.0","0.0","0.0","1.0","1","[2]"
"141","Jörgensen","CHE","1","5.0","0","0.0","0.0","u","Has joined RC Strasbourg on loan for the rest of the season","0.0","0.0","0.0","0.0","1","[3]"
"312","Taylor","IPS","3","4.4","0","0.0","0.0","i","Knee injury - Unknown return date","0.0","0.0","0.0","0.0","1","[2]"
"143","Chalobah","CHE","2","5.5","0","0.0","0.0","u","Has joined Como permanently","0.1","0.0","0.0","0.0","1","[3]"
"615","Di Gregorio","BOU","1","4.5","0","0.0","0.0","a","","0.0","0.0","0.0","1.0","1","[4]"
"55","Watkins","AVL","4","7.8","0","0.0","0.0","u","Has joined Al Hilal permanently","2.5","0.0","0.0","0.0","1","[3]"
"146","B.Badiashile","CHE","2","4.5","0","0.0","0.0","u","Has joined Napoli on loan for the rest of the season","0.0","0.0","0.0","0.0","1","[3]"
"83","Valdimarsson","BRE","1","4.5","0","0.0","0.0","a","","0.1","0.0","0.0","1.0","1","[3]"
"468","John","NFO","1","4.5","0","0.0","0.0","a","","0.1","0.0","0.0","1.0","1","[3]"
"266","Cairney","FUL","3","4.9","0","0.0","0.0","i","Knee injury - Expected back 10 Oct","0.0","0.0","0.0","0.0","1","[2]"
"470","Morato","NFO","2","5.0","0","0.0","0.0","u","Has joined West Ham on loan for the rest of the season","0.0","0.0","0.0","0.0","1","[3]"
"471","Milenković","NFO","2","5.4","12","2.3","4.0","i","Hamstring injury - Expected back 11 Oct","1.0","0.0","0.0","0.0","1","[3]"
"84","Collins","BRE","2","5.4","10","0.3","3.3","i","Calf injury - Unknown return date","1.0","0.0","0.0","0.0","1","[3]"
"150","M.Sarr","CHE","2","4.5","0","0.0","0.0","u","Has joined Real Sociedad on loan for the rest of the season","0.0","0.0","0.0","0.0","1","[3]"
"270","Reed","FUL","3","4.4","0","0.0","0.0","a","","1.1","0.0","0.0","1.0","1","[2]"
"475","Savona","NFO","2","4.5","0","0.0","0.0","i","Knee injury - Unknown return date","0.0","0.0","0.0","0.0","1","[3]"
"476","O.Richards","NFO","2","4.0","0","0.0","0.0","a","","0.2","0.0","0.0","1.0","1","[3]"
"477","Abbott","NFO","2","4.0","0","0.0","0.0","u","Has joined Southampton on loan for the rest of the season","0.1","0.0","0.0","0.0","1","[3]"
"85","Van den Berg","BRE","2","4.9","0","0.0","0.0","i","Groin injury - Unknown return date","0.1","0.0","0.0","0.0","1","[3]"
"479","Bindon","NFO","2","4.0","0","0.0","0.0","u","Has joined Charlton Athletic on loan for the rest of the season","0.1","0.0","0.0","0.0","1","[3]"
"272","Kusi-Asare","FUL","4","4.5","0","0.0","0.0","a","","5.4","0.0","0.0","1.0","1","[2]"
"180","Woolfenden","COV","2","4.0","0","0.0","0.0","i","Knee injury - Unknown return date","0.1","0.0","0.0","0.0","1","[3]"
"152","Palestra","CHE","2","5.3","0","0.0","0.0","d","Thigh injury - 50% chance of playing","0.6","0.0","0.0","0.5","1","[3]"
"484","Hutchinson","NFO","3","5.4","0","0.0","0.0","u","Has joined AC Milan on loan for the rest of the season","0.1","0.0","0.0","0.0","1","[3]"
"485","Bakwa","NFO","3","5.5","0","0.0","0.0","u","Has joined Lille on loan for the rest of the season","0.0","0.0","0.0","0.0","1","[3]"
"6","Saliba","ARS","2","5.9","0","0.0","0.0","i","Back injury - Unknown return date","0.2","0.0","0.0","0.0","1","[3]"
"314","Ogbene","IPS","3","4.9","0","0.0","0.0","u","Has joined Lincoln City on loan until January","0.0","0.0","0.0","0.0","1","[2]"
"29","M.Bizot","AVL","1","4.5","1","0.0","1.0","i","Back injury - Expected back 10 Oct","0.1","0.0","0.0","0.0","1","[3]"
"489","Yates","NFO","3","4.5","0","0.0","0.0","a","","1.2","0.0","0.0","1.0","1","[3]"
"610","De Fougerolles","FUL","2","4.0","0","0.0","0.0","u","has joined  Real Salt Lake on loan for the rest of the seaon.","0.1","0.0","0.0","0.0","1","[2]"
"626","Zepa","FUL","3","4.4","0","0.0","0.0","a","","0.3","0.0","0.0","1.0","1","[2]"
"315","Fatawu","IPS","3","5.4","8","0.7","1.6","s","Suspended until 17 Oct","0.2","0.0","0.0","0.0","1","[2]"
"30","Digne","AVL","2","4.5","0","0.0","0.0","u","Has joined Paris Saint-Germain permanently","0.0","0.0","0.0","0.0","1","[3]"
"636","Ángel","FUL","3","5.0","0","0.0","0.0","a","","0.0","0.0","0.0","1.0","1","[2]"
"590","Benda","NFO","1","4.5","0","0.0","0.0","a","","0.1","0.0","0.0","1.0","1","[3]"
"158","Gittens","CHE","3","5.8","0","0.0","0.0","d","Ankle injury - 75% chance of playing","0.0","0.0","0.0","0.75","1","[3]"
"181","Brau","COV","2","4.0","0","0.0","0.0","u","Has joined Academico de Viseu on loan for the rest of the season","0.0","0.0","0.0","0.0","1","[3]"
"317","Hirst","IPS","4","5.0","0","0.0","0.0","u","Has joined Stoke City permanently","0.1","0.0","0.0","0.0","1","[2]"
"273","Phillips","HUL","1","4.0","0","0.0","0.0","a","","1.4","0.0","0.0","1.0","1","[3]"
"274","Butland","HUL","1","4.4","0","0.0","0.0","i","Arm injury - Unknown return date","0.1","0.0","0.0","0.0","1","[3]"
"494","Vicario","TOT","1","4.5","0","0.0","0.0","u","Has joined Juventus on loan for the rest of the season","0.1","0.0","0.0","0.0","1","[4]"
"495","Austin","TOT","1","4.0","0","0.0","0.0","a","","1.0","0.0","0.0","1.0","1","[4]"
"275","Cartwright","HUL","1","4.0","0","0.0","0.0","u","Has joined Grimsby Town on loan for the rest of the season","0.0","0.0","0.0","0.0","1","[3]"
"497","Dubravka","TOT","1","4.0","0","0.0","0.0","a","","17.1","0.0","0.0","1.0","1","[4]"
"276","Lo-Tutala","HUL","1","4.0","0","0.0","0.0","u","Has joined Colchester United on loan for the rest of the season","0.0","0.0","0.0","0.0","1","[3]"
"182","Amenda","COV","2","4.0","4","0.7","1.0","i","Calf injury - Unknown return date","0.6","0.0","0.0","0.0","1","[3]"
"500","Romero","TOT","2","5.0","0","0.0","0.0","u","Has joined Atletico Madrid permanently","0.1","0.0","0.0","0.0","1","[4]"
"278","Hughes","HUL","2","3.9","0","0.0","0.0","i","Groin injury - Unknown return date","0.2","0.0","0.0","0.0","1","[3]"
"319","Szmodics","IPS","3","5.0","0","0.0","0.0","u","Has joined Derby County on loan for the rest of the season","0.0","0.0","0.0","0.0","1","[2]"
"505","Spence","TOT","2","4.5","0","0.0","0.0","u","Has joined Internazionale permanently","0.2","0.0","0.0","0.0","1","[4]"
"163","D.Essugo","CHE","3","4.5","0","0.0","0.0","u","Has joined RC Strasbourg on loan for the rest of the season","0.1","0.0","0.0","0.0","1","[3]"
"507","Phillips","TOT","2","4.5","0","0.0","0.0","u","Has joined Middlesbrough permanently","0.0","0.0","0.0","0.0","1","[4]"
"508","Davies","TOT","2","3.9","0","0.0","0.0","a","","0.9","0.0","0.0","1.0","1","[4]"
"509","Byfield","TOT","2","4.0","0","0.0","0.0","a","","0.1","0.0","0.0","1.0","1","[4]"
"510","Rowswell","TOT","2","4.0","0","0.0","0.0","a","","0.1","0.0","0.0","1.0","1","[4]"
"511","Souza","TOT","2","4.0","0","0.0","0.0","u","Has joined FC Porto on loan for the rest of the season","0.2","0.0","0.0","0.0","1","[4]"
"281","Drameh","HUL","2","4.0","2","0.0","1.0","u","Has joined Genoa permanently","0.0","0.0","0.0","0.0","1","[3]"
"513","Xavi","TOT","3","5.9","0","0.0","0.0","i","Knee injury - Unknown return date","0.0","0.0","0.0","0.0","1","[4]"
"582","Madjo","AVL","4","5.4","0","0.0","0.0","i","Unspecified injury - Unknown return date","0.2","0.0","0.0","0.0","1","[3]"
"283","Jacob","HUL","2","4.0","0","0.0","0.0","u","Has joined Newport County on loan until January","0.0","0.0","0.0","0.0","1","[3]"
"284","McCarthy","HUL","2","4.0","0","0.0","0.0","a","","0.1","0.0","0.0","1.0","1","[3]"
"517","Odobert","TOT","3","5.5","0","0.0","0.0","i","Knee injury - Unknown return date","0.0","0.0","0.0","0.0","1","[4]"
"518","P.M.Sarr","TOT","3","4.9","0","0.0","0.0","u","Has joined Juventus on loan for the rest of the season","0.1","0.0","0.0","0.0","1","[4]"
"36","Maatsen","AVL","2","4.4","9","2.2","2.2","i","Ankle injury - Unknown return date","0.5","0.0","0.0","0.0","1","[3]"
"92","Ji-soo","BRE","2","4.4","0","0.0","0.0","a","","0.0","0.0","0.0","1.0","1","[3]"
"521","Kulusevski","TOT","3","6.5","0","0.0","0.0","i","Knee injury - Unknown return date","0.0","0.0","0.0","0.0","1","[4]"
"287","Millar","HUL","3","5.0","6","0.0","3.0","u","Has joined Birmingham on loan for the rest of the season","0.0","0.0","0.0","0.0","1","[3]"
"523","Moore","TOT","3","5.0","3","0.0","1.5","u","Has joined FC Köln on loan for the rest of the season","0.1","0.0","0.0","0.0","1","[4]"
"524","Olusesi","TOT","3","4.4","0","0.0","0.0","a","","1.0","0.0","0.0","1.0","1","[4]"
"288","Dowell","HUL","3","4.5","0","0.0","0.0","a","","0.3","0.0","0.0","1.0","1","[3]"
"168","Marc Guiu","CHE","4","5.0","0","0.0","0.0","u","Has joined RB Leipzig permanently","0.2","0.0","0.0","0.0","1","[3]"
"527","Richarlison","TOT","4","5.9","2","0.0","2.0","u","not included in squad.","0.6","0.0","0.0","0.0","1","[4]"
"528","Scarlett","TOT","4","4.5","0","0.0","0.0","u","Has joined Leyton Orient permanently","1.1","0.0","0.0","0.0","1","[4]"
"578","Mudryk","TOT","3","5.3","1","0.3","1.0","i","Ankle injury - Unknown return date","0.0","0.0","0.0","0.0","1","[4]"
"601","Williams-Barnett","TOT","3","4.5","0","0.0","0.0","a","","0.1","0.0","0.0","1.0","1","[4]"
"169","Mheuka","CHE","4","4.5","0","0.0","0.0","a","","0.5","0.0","0.0","1.0","1","[3]"
"291","Matazo","HUL","3","4.5","0","0.0","0.0","i","Knee injury - Unknown return date","0.0","0.0","0.0","0.0","1","[3]"
"530","Patterson","SUN","1","4.0","0","0.0","0.0","u","Has joined Wrexham permanently","0.1","0.0","0.0","0.0","1","[3]"
"531","Ellborg","SUN","1","4.4","0","0.0","0.0","a","","0.1","0.0","0.0","1.0","1","[3]"
"292","Ömür","HUL","3","4.9","0","0.0","0.0","a","","0.0","0.0","0.0","1.0","1","[3]"
"293","Kamara","HUL","3","5.0","0","0.0","0.0","u","Has joined Portsmouth permanently","0.0","0.0","0.0","0.0","1","[3]"
"294","Zambrano","HUL","3","4.5","0","0.0","0.0","a","","0.1","0.0","0.0","1.0","1","[3]"
"107","Furo","BRE","4","4.5","0","0.0","0.0","i","Unspecified injury - Unknown return date","0.9","0.0","0.0","0.0","1","[3]"
"170","Emegha","CHE","4","4.9","0","0.0","0.0","i","Hamstring injury - Expected back 10 Oct","0.1","0.0","0.0","0.0","1","[3]"
"537","Seelt","SUN","2","4.5","0","0.0","0.0","u","Has joined Swansea City on loan for the rest of the season","0.0","0.0","0.0","0.0","1","[3]"
"538","Hjelde","SUN","2","4.0","0","0.0","0.0","u","Has joined KV Mechelen on loan for the rest of the season","0.0","0.0","0.0","0.0","1","[3]"
"322","Al-Hamadi","IPS","4","5.0","0","0.0","0.0","u","Has joined Sheffield Wednesday on loan for the rest of the season","0.0","0.0","0.0","0.0","1","[2]"
"540","Masuaku","SUN","2","4.0","0","0.0","0.0","u","Has joined Konyaspor permanently","0.1","0.0","0.0","0.0","1","[3]"
"296","Akintola","HUL","3","5.0","0","0.0","0.0","u","Has joined Omonoia FC permanently","0.0","0.0","0.0","0.0","1","[3]"
"297","Gyabi","HUL","3","4.4","0","0.0","0.0","i","Thigh injury - Unknown return date","0.0","0.0","0.0","0.0","1","[3]"
"543","Diarra","SUN","3","5.3","5","0.0","2.5","i","Hamstring injury - Unknown return date","0.0","0.0","0.0","0.0","1","[3]"
"298","Destan","HUL","4","4.5","0","0.0","0.0","u","Has joined Konyaspor permanently","0.2","0.0","0.0","0.0","1","[3]"
"299","Burstow","HUL","4","4.5","0","0.0","0.0","u","Has joined Sheffield Wednesday on loan for the rest of the season","0.0","0.0","0.0","0.0","1","[3]"
"546","Adingra","SUN","3","4.9","0","0.0","0.0","u","Has joined Ajax on loan for the rest of the season","0.0","0.0","0.0","0.0","1","[3]"
"547","Mundle","SUN","3","4.9","1","0.0","1.0","i","Knee injury - Unknown return date","0.0","0.0","0.0","0.0","1","[3]"
"607","Lynch","AVL","3","4.5","0","0.0","0.0","u","Has joined Oxford United on loan until January","0.1","0.0","0.0","0.0","1","[3]"
"324","Mehmeti","IPS","3","4.8","0","0.0","0.0","a","","0.0","0.0","0.0","1.0","1","[2]"
"550","Jocelin.T","SUN","3","5.0","0","0.0","0.0","a","","0.0","0.0","0.0","1.0","1","[3]"
"18","Martinelli","ARS","3","6.3","0","0.0","0.0","u","Has joined Al Hilal permanently","0.1","0.0","0.0","0.0","1","[3]"
"554","Van Oevelen","IPS","1","4.5","0","0.0","0.0","u","Has joined Valencia on loan for the rest of the season","0.0","0.0","0.0","0.0","1","[2]"
"563","Morita","HUL","3","4.9","1","0.0","1.0","i","Calf injury - Expected back 11 Oct","0.0","0.0","0.0","0.0","1","[3]"
"560","Penders","CHE","1","4.4","0","0.0","0.0","a","","0.1","0.0","0.0","1.0","1","[3]"
"609","Shahar","NEW","2","4.0","0","0.0","0.0","u","has joined Arouca on loan for the rest of the seaon.","0.2","0.0","0.0","0.0","1","[2]"
"196","Markelo","COV","4","5.0","0","0.0","0.0","u","Has joined Shabab Al-Ahli Dubai permanently","0.0","0.0","0.0","0.0","1","[3]"
"612","Methalie","SUN","2","4.5","-1","-0.3","-1.0","a","","0.0","-0.26100000000000007","-0.5350500000000001","1.0","1","[3]"